Title,Title_link,kicker,package1,Thumbnail
On the ground in Wisconsin: Trump’s team goes door-to-door while Democrats stay virtual amid the coronavirus,https://www.miamiherald.com/news/politics-government/national-politics/article243729837.html,National Politics,"June 23, 2020, 4:00 AM",
"As coronavirus grips red states, Trump falters and Biden steps up the attack",https://www.miamiherald.com/news/politics-government/national-politics/article243895757.html,National Politics,"June 30, 2020, 4:00 AM",
"‘We’ve done too good of a job,’ Trump says when asked about slowing COVID-19 testing",https://www.miamiherald.com/news/coronavirus/article243715197.html,Coronavirus,"June 22, 2020, 3:22 PM",https://www.mcclatchy-wires.com/incoming/esxfhd/picture243699972/alternates/LANDSCAPE_768/APTOPIX_Election_2020_Trump_86001.jpg
"New coronavirus spike alarms Republicans, but not Trump",https://www.miamiherald.com/news/politics-government/national-politics/article243811477.html,National Politics,"June 25, 2020, 4:00 AM",
AP FACT CHECK: Trump’s see-no-evil posture on coronavirus,https://www.miamiherald.com/news/article243842817.html,News,"June 27, 2020, 9:28 AM",https://www.mcclatchy-wires.com/incoming/6zsub8/picture243842802/alternates/LANDSCAPE_768/Fact_Check_Week_45136.jpg
All coronavirus and no campaign rallies. Does Donald Trump have a Florida problem?,https://www.miamiherald.com/news/politics-government/article242314201.html,Politics,"April 27, 2020, 3:45 PM",https://www.miamiherald.com/latest-news/4sdoon/picture238953398/alternates/LANDSCAPE_768/MIA_Evangelicals_For_Trump_(2)%20(4)
"Florida’s coronavirus outbreak complicates Republican convention, Trump’s reelection bid",https://www.miamiherald.com/news/politics-government/article243866487.html,Politics,"June 29, 2020, 4:56 PM",https://cf-images.us-east-1.prod.boltdns.net/v1/static/5618154292001/b2983c0d-0f93-4691-949d-833207b7806a/ae6dd85a-c30b-4da0-8123-d493b6f9fb6c/1280x720/match/image.jpg
"Elevated by coronavirus response, swing-state Democratic governors could boost Biden",https://www.miamiherald.com/news/politics-government/election/article243639412.html,Elections,"June 19, 2020, 5:00 AM",https://cf-images.us-east-1.prod.boltdns.net/v1/static/5615998022001/cbf0bc5b-c6ae-412f-a15a-20011cab402f/dda2854b-86f9-49f4-8c2b-99cede5fab1c/1280x720/match/image.jpg
The Latest: Coronavirus resurgence continues in South Korea,https://www.miamiherald.com/news/article243680222.html,News,"June 20, 2020, 11:05 PM",https://www.mcclatchy-wires.com/incoming/49qjrv/picture243654702/alternates/LANDSCAPE_768/Virus_Outbreak_Pakistan_00466.jpg
‘Don’t know how this is going to look.’ Trump team grapples with an upended campaign,https://www.miamiherald.com/news/politics-government/election/article241883006.html,Elections,"April 9, 2020, 1:40 PM",https://cf-images.us-east-1.prod.boltdns.net/v1/jit/5615998022001/9c9c877d-b97a-41db-97a2-7963ef8bf43c/main/1280x720/35s904ms/match/image.jpg
Will Trump’s ‘Operation Warp Speed’ rush the science of a coronavirus vaccine?,https://www.miamiherald.com/news/coronavirus/article243773232.html,Coronavirus,"June 25, 2020, 9:00 AM",https://www.mcclatchy-wires.com/incoming/4fb3p9/picture243748867/alternates/LANDSCAPE_768/Virus_Outbreak_Congress_07932.jpg
The Latest: SKorea continues upward trend in new infections,https://www.miamiherald.com/news/article243729312.html,News,"June 23, 2020, 10:25 PM",https://www.mcclatchy-wires.com/incoming/9ytg9d/picture243729292/alternates/LANDSCAPE_768/Virus_Outbreak_India_75876.jpg
"Biden, Warren: There’s no oversight of coronavirus relief — because that’s what Trump wants",https://www.miamiherald.com/opinion/article242350451.html,Opinion,"May 3, 2020, 6:00 AM",https://pics.mcclatchyinteractive.com/incoming/usdn1l/picture242362021/alternates/LANDSCAPE_768/joe%20biden%20elizabeth%20warren.jpg
Experts warn of second coronavirus wave. Trump says he won’t shut down US if it comes,https://www.miamiherald.com/news/coronavirus/article242922741.html,Coronavirus,"May 22, 2020, 11:47 AM",https://www.miamiherald.com/latest-news/j1mu27/picture242922796/alternates/LANDSCAPE_768/AP20140795039101.jpg
Trump calls coronavirus ‘Kung flu’ and questions case count,https://www.miamiherald.com/news/politics-government/national-politics/article243692057.html,National Politics,"June 20, 2020, 4:00 AM",
"Fauci contradicts Trump, says US will do ‘more testing, not less’ for COVID-19",https://www.miamiherald.com/news/coronavirus/article243735987.html,Coronavirus,"June 23, 2020, 1:03 PM",https://www.miamiherald.com/latest-news/777thi/picture243736162/alternates/LANDSCAPE_768/AP20175586373842.jpg
Trump campaign sues TV station over ad critical of his coronavirus response,https://www.miamiherald.com/news/coronavirus/article241979236.html,Coronavirus,"April 13, 2020, 4:18 PM",https://www.mcclatchydc.com/latest-news/9fqgcl/picture241976266/alternates/LANDSCAPE_768/AP20100825688762.jpg
"Trump administration has considered ending coronavirus emergency, even as cases surge",https://www.miamiherald.com/news/politics-government/national-politics/article243743497.html,National Politics,"June 23, 2020, 4:00 AM",
"Trump criticizes reporter in mask, despite his administration’s coronavirus guideline",https://www.miamiherald.com/news/coronavirus/article243007281.html,Coronavirus,"May 26, 2020, 6:12 PM",https://www.mcclatchydc.com/latest-news/eglvta/picture243008751/alternates/LANDSCAPE_768/AP20147790868593.jpg
"Trump to limit immigration for 60 days due to coronavirus, may extend",https://www.miamiherald.com/news/nation-world/national/article242174011.html,National,"April 21, 2020, 3:14 PM",https://cf-images.us-east-1.prod.boltdns.net/v1/static/5615998022001/be03a902-f710-45c0-b53d-412eec976cd6/02c76a5b-0628-4068-8189-50e4d6928486/1280x720/match/image.jpg
The Latest: New Zealand reports 2 new coronavirus cases,https://www.miamiherald.com/news/article243692812.html,News,"June 21, 2020, 11:47 PM",https://www.mcclatchy-wires.com/incoming/f0pdkk/picture243692757/alternates/LANDSCAPE_768/APTOPIX_Virus_Outbreak_Venezuela_65511.jpg
Prestigious medical journal says Trump must be voted out due to coronavirus response,https://www.miamiherald.com/news/nation-world/national/article242759861.html,National,"May 15, 2020, 10:11 AM",https://www.miamiherald.com/latest-news/xa7wr9/picture242759926/alternates/LANDSCAPE_768/AP20135770027298.jpg
Will Trump’s ‘Operation Warp Speed’ rush the science of a coronavirus vaccine?,https://www.miamiherald.com/news/coronavirus/article243773232.html,Coronavirus,"June 25, 2020, 9:00 AM",https://www.mcclatchy-wires.com/incoming/4fb3p9/picture243748867/alternates/LANDSCAPE_768/Virus_Outbreak_Congress_07932.jpg
How a Mar-a-Lago member helped set up the Brazil summit that exposed Trump to coronavirus,https://www.miamiherald.com/news/politics-government/article241026546.html,Politics,"March 13, 2020, 7:49 AM",https://cf-images.us-east-1.prod.boltdns.net/v1/static/5618154292001/aa3fae80-9486-4e7b-9713-09a5e0bce998/dc4e71ac-d5d4-4bd2-be64-dd9992530050/1280x720/match/image.jpg
"Fauci contradicts Trump, says US will do ‘more testing, not less’ for COVID-19",https://www.miamiherald.com/news/coronavirus/article243735987.html,Coronavirus,"June 23, 2020, 1:03 PM",https://www.miamiherald.com/latest-news/777thi/picture243736162/alternates/LANDSCAPE_768/AP20175586373842.jpg
"Coronavirus’ spread in GOP territory, explained in 6 charts",https://www.miamiherald.com/news/article243918757.html,News,"July 1, 2020, 5:28 AM",https://www.mcclatchy-wires.com/incoming/jeeih/picture243913632/alternates/LANDSCAPE_768/Election_2020_Virus_Spread_22318.jpg
Trump resort in Doral lays off or furloughs 560 workers during coronavirus shutdown,https://www.miamiherald.com/news/business/tourism-cruises/article242024541.html,Tourism & Cruises,"April 15, 2020, 10:53 AM",https://www.miamiherald.com/latest-news/p95d9l/picture242026386/alternates/LANDSCAPE_768/TRUMPRESORTDORAL00165JAI.JPG
"Trump, DeSantis stay in sync as the president’s home state fights coronavirus",https://www.miamiherald.com/news/politics-government/article241709286.html,Politics,"April 2, 2020, 7:59 PM",https://cf-images.us-east-1.prod.boltdns.net/v1/jit/5618154292001/daebb69c-5c3d-4a6a-b262-be992c0bc196/main/1280x720/47s562ms/match/image.jpg
"Trump ‘not concerned’ over coronavirus exposure, but Mar-a-Lago touts virus precautions",https://www.miamiherald.com/news/health-care/article241165836.html,Health Care,"March 13, 2020, 2:23 PM",https://cf-images.us-east-1.prod.boltdns.net/v1/static/5618154292001/aa3fae80-9486-4e7b-9713-09a5e0bce998/dc4e71ac-d5d4-4bd2-be64-dd9992530050/1280x720/match/image.jpg
FDA revokes coronavirus emergency authorization for Trump-touted hydroxychloroquine,https://www.miamiherald.com/news/coronavirus/article243543712.html,Coronavirus,"June 15, 2020, 1:18 PM",https://cf-images.us-east-1.prod.boltdns.net/v1/jit/5615998022001/14d0d9c5-dc2a-4cfa-bf2b-9cfdd94ab4dd/main/1280x720/28s437ms/match/image.jpg
"Trump declares national emergency for coronavirus, freeing funds for states",https://www.miamiherald.com/news/nation-world/national/article241170141.html,National,"March 13, 2020, 4:47 PM",https://www.vidaenelvalle.com/news/nation-world/481ffi/picture241177861/alternates/LANDSCAPE_768/Emergency%20Coronavirus%20Trump
Florida’s governor consults Trump in Washington before announcement on state reopening,https://www.miamiherald.com/news/politics-government/article242339311.html,Politics,"April 28, 2020, 4:07 PM",https://www.miamiherald.com/latest-news/2s1u66/picture238515128/alternates/LANDSCAPE_768/1178822153.JPG
Trump just sent anti-vaxxers an invitation to smear coronavirus vaccines | Opinion,https://www.miamiherald.com/opinion/op-ed/article242982236.html,Op-Ed,"May 25, 2020, 3:29 PM",https://www.miamiherald.com/latest-news/vj9j6o/picture242982486/alternates/LANDSCAPE_768/moncef%20slaoui.jpg
"Trump ‘not concerned’ over coronavirus exposure, but Mar-a-Lago touts virus precautions",https://www.miamiherald.com/news/health-care/article241165836.html,Health Care,"March 13, 2020, 2:23 PM",https://cf-images.us-east-1.prod.boltdns.net/v1/static/5618154292001/aa3fae80-9486-4e7b-9713-09a5e0bce998/dc4e71ac-d5d4-4bd2-be64-dd9992530050/1280x720/match/image.jpg
"Hydroxychloroquine, a drug Trump touts, now being tested in humans to treat coronavirus",https://www.miamiherald.com/news/coronavirus/article241888181.html,Coronavirus,"April 9, 2020, 2:07 PM",https://www.star-telegram.com/latest-news/dihs0o/picture241845286/alternates/LANDSCAPE_768/Hydroxychloroquine%20Texas
Why is Trump so mad at the World Health Organization?,https://www.miamiherald.com/news/coronavirus/article242031956.html,Coronavirus,"April 15, 2020, 4:28 PM",https://www.mcclatchydc.com/latest-news/eyyle0/picture242035756/alternates/LANDSCAPE_768/AP20083004724194.jpg
Trump declares national emergency due to coronavirus pandemic. Here’s what it means,https://www.miamiherald.com/news/nation-world/national/article241166076.html,National,"March 13, 2020, 1:31 PM",https://www.miamiherald.com/latest-news/rg7jo4/picture241166811/alternates/LANDSCAPE_768/AP20072587981185.jpg
Trump visits another mask facility without wearing a mask — this time in Pennsylvania,https://www.miamiherald.com/news/coronavirus/article242742021.html,Coronavirus,"May 14, 2020, 5:05 PM",https://www.centredaily.com/latest-news/umdqvd/picture242742366/alternates/LANDSCAPE_768/AP20135715621907.jpg
Trump to sign executive order to ‘suspend immigration’ amid coronavirus pandemic,https://www.miamiherald.com/news/local/immigration/article242162656.html,Immigration,"April 20, 2020, 10:58 PM",https://www.elnuevoherald.com/ultimas-noticias/itsgxf/picture242048836/alternates/LANDSCAPE_768/Virus%20Outbreak%20Trump
Trump says he’ll order meatpacking plants to stay open despite coronavirus outbreaks,https://www.miamiherald.com/news/coronavirus/article242345926.html,Coronavirus,"April 28, 2020, 4:07 PM",https://cf-images.us-east-1.prod.boltdns.net/v1/static/5615998027001/6d7dd471-b5e8-4981-a785-83021e5a1904/f0d0ad5f-ae6c-4a41-9782-813805bda112/1280x720/match/image.jpg
"Trump, DeSantis stay in sync as the president’s home state fights coronavirus",https://www.miamiherald.com/news/politics-government/article241709286.html,Politics,"April 2, 2020, 7:59 PM",https://cf-images.us-east-1.prod.boltdns.net/v1/jit/5618154292001/daebb69c-5c3d-4a6a-b262-be992c0bc196/main/1280x720/47s562ms/match/image.jpg
‘Largest study ever’ shows that hydroxychloroquine raises risk of coronavirus death,https://www.miamiherald.com/news/coronavirus/article242929556.html,Coronavirus,"May 22, 2020, 1:41 PM",https://cf-images.us-east-1.prod.boltdns.net/v1/jit/5615998022001/14d0d9c5-dc2a-4cfa-bf2b-9cfdd94ab4dd/main/1280x720/28s437ms/match/image.jpg
"Personal valet for Trump tests positive for coronavirus, White House confirms",https://www.miamiherald.com/news/coronavirus/article242564896.html,Coronavirus,"May 7, 2020, 11:27 AM",https://cf-images.us-east-1.prod.boltdns.net/v1/jit/5615998022001/2ffdb69b-b104-4ff1-951a-af149eb44669/main/1280x720/34s624ms/match/image.jpg
Trump to invoke the Defense Production Act to combat coronavirus. What’s that?,https://www.miamiherald.com/news/coronavirus/article241302711.html,Coronavirus,"March 18, 2020, 12:27 PM",https://cf-images.us-east-1.prod.boltdns.net/v1/static/5615998022001/1b20426d-3065-4590-b81f-8c004d15286b/bff45f29-e052-465d-a54b-81e4df627e65/1280x720/match/image.jpg
Newsom gets starring role in new Trump campaign ad praising coronavirus response,https://www.miamiherald.com/news/politics-government/election/article242385551.html,Elections,"April 29, 2020, 6:09 PM",https://cf-images.us-east-1.prod.boltdns.net/v1/static/5615998022001/1b20426d-3065-4590-b81f-8c004d15286b/bff45f29-e052-465d-a54b-81e4df627e65/1280x720/match/image.jpg
Trump met someone infected with coronavirus. He still has no plans to get tested,https://www.miamiherald.com/news/nation-world/national/article241143226.html,National,"March 12, 2020, 5:22 PM",https://www.miamiherald.com/latest-news/jiiere/picture241130281/alternates/LANDSCAPE_768/Instagram.jpg
African American leaders want more White House outreach to reduce coronavirus deaths,https://www.miamiherald.com/news/nation-world/national/article242192861.html,National,"April 22, 2020, 2:59 PM",https://www.mcclatchy-wires.com/incoming/fx3udi/picture241337016/alternates/LANDSCAPE_768/Virus_Outbreak_Trump_22172.jpg
Trump’s coronavirus team says supplies are coming. The question is where to send them,https://www.miamiherald.com/news/coronavirus/article241752951.html,Coronavirus,"April 3, 2020, 4:07 PM",https://www.mcclatchydc.com/latest-news/ya5fch/picture241727801/alternates/LANDSCAPE_768/AP20093778337042.jpg
Boaters journey to Mar-a-Lago in support of Donald Trump after coronavirus restrictions eased,https://www.miamiherald.com/news/state/florida/article242488176.html,Florida,"May 4, 2020, 5:15 PM",https://www.miamiherald.com/latest-news/nftqji/picture242492431/alternates/LANDSCAPE_768/00000.00_03_01_10.Still002.jpg
Sam Carchidi: Whether NHL teams avoid coronavirus could trump players’ skill if playoffs are held,https://www.miamiherald.com/sports/nhl/article243695092.html,Hockey,"June 21, 2020, 4:00 AM",
Coronavirus task force briefs — but not at White House,https://www.miamiherald.com/news/article243831752.html,News,"June 26, 2020, 8:06 PM",https://www.mcclatchy-wires.com/incoming/2f6om0/picture243831652/alternates/LANDSCAPE_768/APTOPIX_Virus_Outbreak_Washington_63735.jpg
Trump to invoke the Defense Production Act to combat coronavirus. What’s that?,https://www.miamiherald.com/news/coronavirus/article241302711.html,Coronavirus,"March 18, 2020, 12:27 PM",https://cf-images.us-east-1.prod.boltdns.net/v1/static/5615998022001/1b20426d-3065-4590-b81f-8c004d15286b/bff45f29-e052-465d-a54b-81e4df627e65/1280x720/match/image.jpg
Newsom gets starring role in new Trump campaign ad praising coronavirus response,https://www.miamiherald.com/news/politics-government/election/article242385551.html,Elections,"April 29, 2020, 6:09 PM",https://cf-images.us-east-1.prod.boltdns.net/v1/static/5615998022001/1b20426d-3065-4590-b81f-8c004d15286b/bff45f29-e052-465d-a54b-81e4df627e65/1280x720/match/image.jpg
‘Largest study ever’ shows that hydroxychloroquine raises risk of coronavirus death,https://www.miamiherald.com/news/coronavirus/article242929556.html,Coronavirus,"May 22, 2020, 1:41 PM",https://cf-images.us-east-1.prod.boltdns.net/v1/jit/5615998022001/14d0d9c5-dc2a-4cfa-bf2b-9cfdd94ab4dd/main/1280x720/28s437ms/match/image.jpg
Trump met someone infected with coronavirus. He still has no plans to get tested,https://www.miamiherald.com/news/nation-world/national/article241143226.html,National,"March 12, 2020, 5:22 PM",https://www.miamiherald.com/latest-news/jiiere/picture241130281/alternates/LANDSCAPE_768/Instagram.jpg
Trump’s coronavirus team says supplies are coming. The question is where to send them,https://www.miamiherald.com/news/coronavirus/article241752951.html,Coronavirus,"April 3, 2020, 4:07 PM",https://www.mcclatchydc.com/latest-news/ya5fch/picture241727801/alternates/LANDSCAPE_768/AP20093778337042.jpg
White House’s coronavirus task force will no longer brief public,https://www.miamiherald.com/news/politics-government/national-politics/article243678832.html,National Politics,"June 19, 2020, 4:00 AM",
Trump says he’s ‘all for masks’ after GOP leaders voiced support for face coverings,https://www.miamiherald.com/news/coronavirus/article243933102.html,Coronavirus,"July 1, 2020, 3:14 PM",https://www.mcclatchy-wires.com/incoming/wdukhg/picture243923912/alternates/LANDSCAPE_768/Virus_Outbreak_Trump_13092.jpg
Sam Carchidi: Whether NHL teams avoid coronavirus could trump players’ skill if playoffs are held,https://www.miamiherald.com/sports/nhl/article243695092.html,Hockey,"June 21, 2020, 4:00 AM",
US orders 300 million doses of coronavirus vaccine. When could they be ready?,https://www.miamiherald.com/news/coronavirus/article242896061.html,Coronavirus,"May 21, 2020, 12:26 PM",https://www.miamiherald.com/latest-news/44yi2y/picture242820541/alternates/LANDSCAPE_768/AP20135384613007%20(1).jpg
US orders 300 million doses of coronavirus vaccine. When could they be ready?,https://www.miamiherald.com/news/coronavirus/article242896061.html,Coronavirus,"May 21, 2020, 12:26 PM",https://www.miamiherald.com/latest-news/44yi2y/picture242820541/alternates/LANDSCAPE_768/AP20135384613007%20(1).jpg
AP FACT CHECK: Trump tries to pin low turnout on protesters,https://www.miamiherald.com/news/article243705227.html,News,"June 22, 2020, 12:46 AM",https://www.mcclatchy-wires.com/incoming/lmq1g9/picture243691927/alternates/LANDSCAPE_768/Election_2020_Trump_21538.jpg
"Trump shuts U.S. borders to most of Europe, bans travel to stop  coronavirus spread",https://www.miamiherald.com/news/nation-world/national/article241115986.html,National,"March 11, 2020, 10:02 PM",https://cf-images.us-east-1.prod.boltdns.net/v1/static/5502557042001/202e66c6-2cb8-4d5a-8d0c-cd94dbff18c6/143d8f9e-5c82-4b54-aa37-d4675353031b/1280x720/match/image.jpg
Is it time to reopen US? Trump unveils guidelines to end state coronavirus lockdowns,https://www.miamiherald.com/news/coronavirus/article242070576.html,Coronavirus,"April 16, 2020, 7:03 PM",https://cf-images.us-east-1.prod.boltdns.net/v1/jit/5615998022001/aa2436b3-4289-4332-bdf2-19b70f8e1a06/main/1280x720/1m52s970ms/match/image.jpg
"Pence distancing from Trump, West Wing for ‘immediate future’ after aide has COVID-19",https://www.miamiherald.com/news/coronavirus/article242662836.html,Coronavirus,"May 11, 2020, 9:36 PM",https://www.mcclatchydc.com/latest-news/fwbiek/picture242600141/alternates/LANDSCAPE_768/Screen%20Shot%202020-05-08%20at%2012.08.23%20PM.png
Poison calls spike in some areas after Trump suggests injecting disinfectant for COVID,https://www.miamiherald.com/news/coronavirus/article242318056.html,Coronavirus,"April 27, 2020, 2:19 PM",https://www.islandpacket.com/latest-news/33r3ke/picture241164066/alternates/LANDSCAPE_768/IMG_4867.jpg
Trump pushes hydroxychloroquine to treat coronavirus. But what are the side effects?,https://www.miamiherald.com/news/coronavirus/article241856266.html,Coronavirus,"April 8, 2020, 4:44 PM",https://cf-images.us-east-1.prod.boltdns.net/v1/static/5502557042001/7207c8d5-e85c-4d2d-8e2d-a2efabf466f1/08b6c186-78f7-4274-b5da-965abf718148/1280x720/match/image.jpg
"White House aides test positive for coronavirus, raising debate on masks in West Wing",https://www.miamiherald.com/news/coronavirus/article242606791.html,Coronavirus,"May 8, 2020, 4:26 PM",https://cf-images.us-east-1.prod.boltdns.net/v1/static/5615998022001/a9d4106f-8bc1-43ab-bc2f-a7095451320f/12b304bc-ed67-4ca4-a137-977b100fedd4/1280x720/match/image.jpg
"Beyond the Bubble podcast: Trump, the coronavirus pandemic and the African American vote",https://www.miamiherald.com/news/politics-government/election/article242239516.html,Elections,"April 23, 2020, 6:39 PM",
Trump directed experts to see if UV light can kill coronavirus. Here are the facts,https://www.miamiherald.com/news/coronavirus/article242262471.html,Coronavirus,"April 24, 2020, 12:21 PM",https://www.miamiherald.com/latest-news/f5etf0/picture242262621/alternates/LANDSCAPE_768/AP20114827199389.jpg
"President of Brazil, who dined with Trump in Florida, says he tested negative for coronavirus",https://www.miamiherald.com/news/nation-world/world/americas/article241162221.html,Americas,"March 13, 2020, 5:27 PM",https://www.miamiherald.com/latest-news/jiiere/picture241130281/alternates/LANDSCAPE_768/Instagram.jpg
Dr. Fauci says there’s no evidence coronavirus created in a lab; Trump hints there is,https://www.miamiherald.com/news/coronavirus/article242513611.html,Coronavirus,"May 5, 2020, 3:55 PM",https://www.miamiherald.com/latest-news/9mezzq/picture242513811/alternates/LANDSCAPE_768/AP20109010659615.jpg
"Anti-Asian American discrimination soars during coronavirus pandemic, group says",https://www.miamiherald.com/news/coronavirus/article243035066.html,Coronavirus,"May 28, 2020, 10:28 AM",https://www.sacbee.com/latest-news/mkk22u/picture243050991/alternates/LANDSCAPE_768/AP20111764704827.jpg
AP News in Brief at 11:04 p.m. EDT,https://www.miamiherald.com/news/nation-world/article243863437.html,Nation & World,"June 29, 2020, 11:04 PM",
Brazilian official who met with Trump in South Florida tests positive for coronavirus,https://www.miamiherald.com/news/nation-world/world/americas/article241117911.html,Americas,"March 12, 2020, 7:20 PM",https://www.elnuevoherald.com/ultimas-noticias/snngzu/picture233529332/alternates/LANDSCAPE_768/AFP_1J76JD
How many coronavirus patients on ventilators survive? Scientists race for an answer,https://www.miamiherald.com/news/coronavirus/article242008566.html,Coronavirus,"April 15, 2020, 11:06 AM",https://cf-images.us-east-1.prod.boltdns.net/v1/static/5502557041001/ad53ef7d-5b41-44df-9ff6-b2d79881ed83/f4790c93-035d-4547-9102-f4b20b82b3f4/1280x720/match/image.jpg
"Instagram, podcasts and Fox News: Biden urged to get more creative amid coronavirus crisis",https://www.miamiherald.com/news/politics-government/election/article241621431.html,Elections,"March 30, 2020, 2:10 PM",https://www.mcclatchy-wires.com/incoming/rl8his/picture241503631/alternates/LANDSCAPE_768/EEUU-ELECCIONES_BIDEN_83355.jpg
Now Trump says he took coronavirus test. He dined with Brazilian officials who got ill,https://www.miamiherald.com/news/nation-world/national/article241194386.html,National,"March 14, 2020, 8:23 AM",https://www.miamiherald.com/latest-news/sp3a4b/picture241146116/alternates/LANDSCAPE_768/Make%20Brazil%20great%20again%20hats%20(cropped)%20(1)_fitted.png
Trump signs coronavirus stimulus bill with money for Americans. What happens now?,https://www.miamiherald.com/news/coronavirus/article241555311.html,Coronavirus,"March 27, 2020, 1:28 PM",https://cf-images.us-east-1.prod.boltdns.net/v1/static/5502557045001/a8353e27-0496-4e15-a83f-8c74d256612f/3331b62d-7d33-44bc-8b31-87c94956cc0d/1280x720/match/image.jpg
Trump pushes FDA limits in rush for coronavirus medicines,https://www.miamiherald.com/news/coronavirus/article241333236.html,Coronavirus,"March 19, 2020, 12:25 PM",https://cf-images.us-east-1.prod.boltdns.net/v1/static/5615998022001/741bec02-b80d-42b6-8a16-ee0ddc55e037/3a088f31-f071-46c6-b110-e9e1300af566/1280x720/match/image.jpg
"Trump dismisses virus, polls and recession to tell winning story",https://www.miamiherald.com/news/politics-government/national-politics/article243866607.html,National Politics,"June 29, 2020, 4:00 AM",
Gov. Ron DeSantis is reopening Florida ‘the conservative way’ after weeks of criticism,https://www.miamiherald.com/news/politics-government/article242364706.html,Politics,"May 4, 2020, 8:50 PM",https://cf-images.us-east-1.prod.boltdns.net/v1/static/5618154292001/84fbd5fd-60ac-4346-aab3-7b0555497659/4f10ca52-c6ed-4742-904b-089bc028fea7/1280x720/match/image.jpg
AP News in Brief at 11:04 p.m. EDT,https://www.miamiherald.com/news/nation-world/article243813067.html,Nation & World,"June 26, 2020, 11:04 PM",
"Deportations despite coronavirus is Trump’s cruel, and usual, punishment of Haitians | Opinion",https://www.miamiherald.com/opinion/editorials/article241819726.html,Editorials,"April 7, 2020, 1:00 AM",https://cf-images.us-east-1.prod.boltdns.net/v1/static/5618154292001/518e70dd-696f-4b54-a886-c1fc2b5caa0c/e76f8f0a-cd24-4cb2-a31b-71e26d9dd2c1/1280x720/match/image.jpg
Now Trump says he took coronavirus test. He dined with Brazilian officials who got ill,https://www.miamiherald.com/news/nation-world/national/article241194386.html,National,"March 14, 2020, 8:23 AM",https://www.miamiherald.com/latest-news/sp3a4b/picture241146116/alternates/LANDSCAPE_768/Make%20Brazil%20great%20again%20hats%20(cropped)%20(1)_fitted.png
"Jackson Memorial secures rapid coronavirus test touted by Trump, with DeSantis’ help",https://www.miamiherald.com/news/coronavirus/article241803376.html,Coronavirus,"April 6, 2020, 5:18 PM",https://www.miamiherald.com/latest-news/29dooh/picture241803446/alternates/LANDSCAPE_768/1215797267.JPG
Trump directed experts to see if UV light can kill coronavirus. Here are the facts,https://www.miamiherald.com/news/coronavirus/article242262471.html,Coronavirus,"April 24, 2020, 12:21 PM",https://www.miamiherald.com/latest-news/f5etf0/picture242262621/alternates/LANDSCAPE_768/AP20114827199389.jpg
US has tested 9 million for coronavirus. China plans to test 11 million in 10 days,https://www.miamiherald.com/news/coronavirus/article242670201.html,Coronavirus,"May 12, 2020, 12:29 PM",https://www.sacbee.com/latest-news/9g94t2/picture242629146/alternates/LANDSCAPE_768/LEDE_RCB_EldoTesting
Pro-Trump group plans drive-in rallies Friday to protest coronavirus stay-home orders,https://www.miamiherald.com/news/coronavirus/article242406701.html,Coronavirus,"April 30, 2020, 3:37 PM",https://cf-images.us-east-1.prod.boltdns.net/v1/static/5615998031001/8ac939dd-e350-4334-a4cb-a23c21dd6fa9/7bc0b246-6473-43ec-ac30-999b94055221/1280x720/match/image.jpg
‘Should have kept his mouth shut.’ Mitch McConnell slams Obama for criticizing Trump,https://www.miamiherald.com/news/coronavirus/article242666981.html,Coronavirus,"May 12, 2020, 8:02 AM",https://www.kentucky.com/news/local/news-columns-blogs/tom-eblen/mwr83o/picture125455854/alternates/LANDSCAPE_768/Health%20Overhaul%20McConnell
The FDA used expanded power to fight the coronavirus. Will future credibility suffer?,https://www.miamiherald.com/news/coronavirus/article242536041.html,Coronavirus,"May 6, 2020, 1:55 PM",https://www.mcclatchy-wires.com/incoming/ejvhjc/picture242262991/alternates/LANDSCAPE_768/Virus_Outbreak_Kansas_Daily_Life_89503.jpg
Trump extends coronavirus safety guidelines as advisers predict soaring US death toll,https://www.miamiherald.com/news/coronavirus/article241659486.html,Coronavirus,"March 31, 2020, 5:42 PM",https://www.mcclatchydc.com/latest-news/6nx1vm/picture241660646/alternates/LANDSCAPE_768/AP20090788004123.jpg
"White House aides test positive for coronavirus, raising debate on masks in West Wing",https://www.miamiherald.com/news/coronavirus/article242606791.html,Coronavirus,"May 8, 2020, 4:26 PM",https://cf-images.us-east-1.prod.boltdns.net/v1/static/5615998022001/a9d4106f-8bc1-43ab-bc2f-a7095451320f/12b304bc-ed67-4ca4-a137-977b100fedd4/1280x720/match/image.jpg
"University of Michigan backs out of October presidential debate, citing coronavirus",https://www.miamiherald.com/news/politics-government/national-politics/article243728597.html,National Politics,"June 22, 2020, 4:00 AM",
Trump says he’s ‘all for masks’ after GOP leaders voiced support for face coverings,https://www.miamiherald.com/news/coronavirus/article243933102.html,Coronavirus,"July 1, 2020, 3:14 PM",https://www.mcclatchy-wires.com/incoming/wdukhg/picture243923912/alternates/LANDSCAPE_768/Virus_Outbreak_Trump_13092.jpg
Trump says fast-food CEOs assured him they’ll still be serving during coronavirus,https://www.miamiherald.com/news/coronavirus/article241261021.html,Coronavirus,"March 17, 2020, 2:08 PM",https://www.mcclatchydc.com/latest-news/tbz904/picture241270056/alternates/LANDSCAPE_768/80_13723749393_6d51feda4b_o.jpg
Tulsa arena hosts thousands for Trump rally amid virus fears,https://www.miamiherald.com/news/article243691247.html,News,"June 20, 2020, 11:38 PM",https://www.mcclatchy-wires.com/incoming/469vve/picture243684937/alternates/LANDSCAPE_768/Virus_Outbreak_Trump_04077.jpg
"Who is Dr. Anthony Fauci? The coronavirus expert advising President Trump, America",https://www.miamiherald.com/news/coronavirus/article241437741.html,Coronavirus,"March 23, 2020, 4:32 PM",https://cf-images.us-east-1.prod.boltdns.net/v1/static/5615998035001/ba67b251-7111-4275-b070-23a0869339fc/bb051ebd-4764-4563-a0f1-e078f1edf420/1280x720/match/image.jpg
"Coronavirus crisis could last well into the summer — July or August, Trump says",https://www.miamiherald.com/news/nation-world/national/article241229131.html,National,"March 16, 2020, 3:36 PM",https://cf-images.us-east-1.prod.boltdns.net/v1/static/5615998031001/7d45d844-65ec-446b-815c-6eab771ffafb/aba5d3e8-7192-4490-be9e-eaab7ffacf17/1280x720/match/image.jpg
"Trump comeback rally features empty seats, staff infections",https://www.miamiherald.com/news/article243680432.html,News,"June 20, 2020, 11:15 PM",https://www.mcclatchy-wires.com/incoming/a7xwxw/picture243680427/alternates/LANDSCAPE_768/Election_2020_Trump_33086.jpg
Trump says fast-food CEOs assured him they’ll still be serving during coronavirus,https://www.miamiherald.com/news/coronavirus/article241261021.html,Coronavirus,"March 17, 2020, 2:08 PM",https://www.mcclatchydc.com/latest-news/tbz904/picture241270056/alternates/LANDSCAPE_768/80_13723749393_6d51feda4b_o.jpg
Trump says he’s ‘all for masks’ after GOP leaders voiced support for face coverings,https://www.miamiherald.com/news/coronavirus/article243933102.html,Coronavirus,"July 1, 2020, 3:14 PM",https://www.mcclatchy-wires.com/incoming/wdukhg/picture243923912/alternates/LANDSCAPE_768/Virus_Outbreak_Trump_13092.jpg
Deaf advocates call for sign language interpreters at Trump’s coronavirus briefings,https://www.miamiherald.com/news/coronavirus/article242237356.html,Coronavirus,"April 23, 2020, 4:32 PM",https://cf-images.us-east-1.prod.boltdns.net/v1/static/5615998026001/46f65b6e-e66a-45d4-b590-bcd42c98bca6/79ec6955-b7dc-4c5d-bd0d-84aff09d0113/1280x720/match/image.jpg
Trump leaves open the possibility of a March 25 rally in Tampa amid coronavirus,https://www.miamiherald.com/news/politics-government/article241129641.html,Politics,"March 12, 2020, 1:11 PM",https://cf-images.us-east-1.prod.boltdns.net/v1/static/5618154292001/14778a31-5f69-467a-a021-3e5c774ef5d5/8056f47a-0634-4264-bdc3-49b0c81ab46c/1280x720/match/image.jpg
"Trump comeback rally features empty seats, staff infections",https://www.miamiherald.com/news/article243680432.html,News,"June 20, 2020, 11:15 PM",https://www.mcclatchy-wires.com/incoming/a7xwxw/picture243680427/alternates/LANDSCAPE_768/Election_2020_Trump_33086.jpg
"Deportations despite coronavirus is Trump’s cruel, and usual, punishment of Haitians | Opinion",https://www.miamiherald.com/opinion/editorials/article241819726.html,Editorials,"April 7, 2020, 1:00 AM",https://cf-images.us-east-1.prod.boltdns.net/v1/static/5618154292001/518e70dd-696f-4b54-a886-c1fc2b5caa0c/e76f8f0a-cd24-4cb2-a31b-71e26d9dd2c1/1280x720/match/image.jpg
US has tested 9 million for coronavirus. China plans to test 11 million in 10 days,https://www.miamiherald.com/news/coronavirus/article242670201.html,Coronavirus,"May 12, 2020, 12:29 PM",https://www.sacbee.com/latest-news/9g94t2/picture242629146/alternates/LANDSCAPE_768/LEDE_RCB_EldoTesting
Fact Check: Is Trump right about Nancy Pelosi’s Chinatown ‘parties’?,https://www.miamiherald.com/news/politics-government/article242171026.html,Politics,"April 21, 2020, 4:17 PM",https://cf-images.us-east-1.prod.boltdns.net/v1/jit/5615998022001/aa2436b3-4289-4332-bdf2-19b70f8e1a06/main/1280x720/1m52s970ms/match/image.jpg
"Trump dismisses virus, polls and recession to tell winning story",https://www.miamiherald.com/news/politics-government/national-politics/article243866607.html,National Politics,"June 29, 2020, 4:00 AM",
"Trump wants churches full on Easter as US coronavirus cases top 50,000",https://www.miamiherald.com/news/coronavirus/article241479856.html,Coronavirus,"March 24, 2020, 8:20 PM",https://www.sacbee.com/latest-news/86pncg/picture241480541/alternates/LANDSCAPE_768/AP20084808542321.jpg
Trump to announce ‘major’ purchase of N95 coronavirus masks. McConnell wants more,https://www.miamiherald.com/news/coronavirus/article241372341.html,Coronavirus,"March 20, 2020, 2:43 PM",https://cf-images.us-east-1.prod.boltdns.net/v1/static/5615998020001/58820004-ec66-4a2e-ac51-fb275ee972e8/85b983c2-492e-43d6-adbc-f065085a9dc7/1280x720/match/image.jpg
Trump: Carnival Cruise Corporation offered ships to help fight coronavirus,https://www.miamiherald.com/news/coronavirus/article241341431.html,Coronavirus,"March 19, 2020, 2:41 PM",https://cf-images.us-east-1.prod.boltdns.net/v1/jit/5618154292001/a6ea84dd-1573-42b3-8f4c-cb9775b248d5/main/1280x720/51s72ms/match/image.jpg
"Trump dismisses virus, polls and recession to tell winning story",https://www.miamiherald.com/news/politics-government/national-politics/article243866607.html,National Politics,"June 29, 2020, 4:00 AM",
"Trump orders Navy hospital ships Comfort, Mercy to aid states hit by coronavirus",https://www.miamiherald.com/news/coronavirus/article241303776.html,Coronavirus,"March 18, 2020, 1:49 PM",https://www.mcclatchydc.com/latest-news/1necog/picture241304531/alternates/LANDSCAPE_768/COMFORT-CORONAVIRUS
Bolsonaro aide tests positive for coronavirus days after meeting Trump during Florida trip,https://www.miamiherald.com/news/politics-government/national-politics/article241129141.html,National Politics,"March 12, 2020, 12:00 AM",https://cf-images.us-east-1.prod.boltdns.net/v1/static/5618154292001/e118112d-8d29-4ca5-8c55-641a83c0eb9b/252c8424-e3e9-42c6-94f4-4d1db1b8d778/1280x720/match/image.jpg
"Trump sums up Capitol Hill visit: Coronavirus ‘will go away,  just stay calm’",https://www.miamiherald.com/news/health-care/article241071461.html,Health Care,"March 10, 2020, 5:11 PM",https://cf-images.us-east-1.prod.boltdns.net/v1/static/5615998022001/d055b479-8f61-4c63-864d-c1be20a5c551/0be14ec3-98d3-4c0a-93b9-96ced4e5efb4/1280x720/match/image.jpg
Trump administration incompetence will make coronavirus even more dangerous | Opinion,https://www.miamiherald.com/opinion/opn-columns-blogs/leonard-pitts-jr/article240702006.html,Leonard Pitts Jr,"February 28, 2020, 2:20 PM",https://www.miamiherald.com/latest-news/lmadbk/picture240736756/alternates/LANDSCAPE_768/virus.jpg
Florida lupus patients can’t get their meds after Trump touts drug to fight coronavirus,https://www.miamiherald.com/news/coronavirus/article241554436.html,Coronavirus,"March 28, 2020, 1:52 PM",https://cf-images.us-east-1.prod.boltdns.net/v1/static/5502557042001/7207c8d5-e85c-4d2d-8e2d-a2efabf466f1/08b6c186-78f7-4274-b5da-965abf718148/1280x720/match/image.jpg
"Puerto Rico extends coronavirus quarantine, questions Trump’s reluctance to lock down",https://www.miamiherald.com/news/nation-world/world/americas/article241545721.html,Americas,"March 26, 2020, 8:16 PM",https://www.miamiherald.com/latest-news/woijal/picture241237776/alternates/LANDSCAPE_768/DSC_0443%20(2).JPG
"Coronavirus death toll tops 80,000 in US as states begin reopening",https://www.miamiherald.com/news/coronavirus/article242609311.html,Coronavirus,"May 11, 2020, 4:46 PM",https://www.miamiherald.com/latest-news/jgfyky/picture242611086/alternates/LANDSCAPE_768/AP20112581944877.jpg
"Puerto Rico extends coronavirus quarantine, questions Trump’s reluctance to lock down",https://www.miamiherald.com/news/nation-world/world/americas/article241545721.html,Americas,"March 26, 2020, 8:16 PM",https://www.miamiherald.com/latest-news/woijal/picture241237776/alternates/LANDSCAPE_768/DSC_0443%20(2).JPG
"Trump lies all the time. This time, his coronavirus lies could kill us all | Opinion",https://www.miamiherald.com/opinion/opn-columns-blogs/leonard-pitts-jr/article241069441.html,Leonard Pitts Jr,"March 10, 2020, 4:35 PM",https://www.miamiherald.com/latest-news/2v22it/picture241069966/alternates/LANDSCAPE_768/covid.jpg
"With student gathering, Trump gets a more boisterous crowd",https://www.miamiherald.com/news/article243728627.html,News,"June 24, 2020, 1:21 AM",https://www.mcclatchy-wires.com/incoming/mko4z5/picture243728617/alternates/LANDSCAPE_768/Election_2020_Trump_06808.jpg
"Trump says taking hydroxychloroquine, following COVID-19 cases at White House",https://www.miamiherald.com/news/coronavirus/article242824846.html,Coronavirus,"May 18, 2020, 5:41 PM",https://cf-images.us-east-1.prod.boltdns.net/v1/jit/5615998022001/14d0d9c5-dc2a-4cfa-bf2b-9cfdd94ab4dd/main/1280x720/28s437ms/match/image.jpg
"Trump calls churches ‘essential,’ says governors must reopen during COVID-19 pandemic",https://www.miamiherald.com/news/coronavirus/article242933376.html,Coronavirus,"May 22, 2020, 2:26 PM",https://www.mcclatchydc.com/latest-news/s9ob10/picture242933986/alternates/LANDSCAPE_768/AP20143650582614.jpg
Trump says residents of this state ‘want their freedom now.’ The governor has concerns,https://www.miamiherald.com/news/coronavirus/article242655726.html,Coronavirus,"May 11, 2020, 5:26 PM",https://www.centredaily.com/latest-news/3sk54n/picture242657586/alternates/LANDSCAPE_768/AP20132752734943.jpg
Campaigning finds a new normal as door-knocking resumes,https://www.miamiherald.com/news/article243785982.html,News,"June 25, 2020, 2:44 PM",https://www.mcclatchy-wires.com/incoming/g5uvo5/picture243785962/alternates/LANDSCAPE_768/Election_2020_Canvassing_75471.jpg
Trump-Biden debate relocates to Miami as University of Michigan frets about COVID-19,https://www.miamiherald.com/news/politics-government/article243730632.html,Politics,"June 23, 2020, 8:58 AM",https://www.miamiherald.com/latest-news/q2f7n6/picture232055157/alternates/LANDSCAPE_768/Dem_Debate_Day_Two_ADD_2.JPG
Trump pushes FDA limits in rush for coronavirus medicines,https://www.miamiherald.com/news/coronavirus/article241333236.html,Coronavirus,"March 19, 2020, 12:25 PM",https://cf-images.us-east-1.prod.boltdns.net/v1/static/5615998022001/741bec02-b80d-42b6-8a16-ee0ddc55e037/3a088f31-f071-46c6-b110-e9e1300af566/1280x720/match/image.jpg
Trump says he can reopen states from COVID-19 lockdowns. Here’s what experts say,https://www.miamiherald.com/news/coronavirus/article241975731.html,Coronavirus,"April 13, 2020, 3:12 PM",https://www.mcclatchydc.com/latest-news/9fqgcl/picture241976266/alternates/LANDSCAPE_768/AP20100825688762.jpg
Trump extends coronavirus guidelines to April 30,https://www.miamiherald.com/news/coronavirus/article241608776.html,Coronavirus,"March 30, 2020, 9:08 AM",https://cf-images.us-east-1.prod.boltdns.net/v1/static/5502557041001/885952cd-d83f-4cac-8bbf-900c68f8a338/1fdae0e8-de93-440b-8d2c-089cb07c5794/1280x720/match/image.jpg
Will coronavirus vaccine be free to all? Health officials say they can’t commit,https://www.miamiherald.com/news/coronavirus/article242667466.html,Coronavirus,"May 12, 2020, 11:45 AM",https://cf-images.us-east-1.prod.boltdns.net/v1/static/5615998022001/b802db7d-1df8-4171-b7e6-240ce6869979/a107f033-b734-46fa-a7c7-d4a43ef6180c/1280x720/match/image.jpg
Trump administration orders immigration courts to remove coronavirus posters– then takes it back,https://www.miamiherald.com/news/local/immigration/article241046076.html,Immigration,"March 10, 2020, 6:00 AM",https://www.miamiherald.com/latest-news/ekimxi/picture241047206/alternates/LANDSCAPE_768/Screen%20Shot%202020-03-09%20at%209.24.50%20PM.png
Coronavirus updates: First US patient dies in Washington; Trump urges calm,https://www.miamiherald.com/news/nation-world/national/article240764046.html,National,"February 29, 2020, 2:27 PM",https://cf-images.us-east-1.prod.boltdns.net/v1/static/5615998028001/387d97ff-272e-4f84-b1c0-0a6fceb8ed4c/56ef49ab-dbcd-449a-9316-23712c9fecc9/1280x720/match/image.jpg
"Trump lies all the time. This time, his coronavirus lies could kill us all | Opinion",https://www.miamiherald.com/opinion/opn-columns-blogs/leonard-pitts-jr/article241069441.html,Leonard Pitts Jr,"March 10, 2020, 4:35 PM",https://www.miamiherald.com/latest-news/2v22it/picture241069966/alternates/LANDSCAPE_768/covid.jpg
"With student gathering, Trump gets a more boisterous crowd",https://www.miamiherald.com/news/article243728627.html,News,"June 24, 2020, 1:21 AM",https://www.mcclatchy-wires.com/incoming/mko4z5/picture243728617/alternates/LANDSCAPE_768/Election_2020_Trump_06808.jpg
"Trump calls churches ‘essential,’ says governors must reopen during COVID-19 pandemic",https://www.miamiherald.com/news/coronavirus/article242933376.html,Coronavirus,"May 22, 2020, 2:26 PM",https://www.mcclatchydc.com/latest-news/s9ob10/picture242933986/alternates/LANDSCAPE_768/AP20143650582614.jpg
Trump says residents of this state ‘want their freedom now.’ The governor has concerns,https://www.miamiherald.com/news/coronavirus/article242655726.html,Coronavirus,"May 11, 2020, 5:26 PM",https://www.centredaily.com/latest-news/3sk54n/picture242657586/alternates/LANDSCAPE_768/AP20132752734943.jpg
Campaigning finds a new normal as door-knocking resumes,https://www.miamiherald.com/news/article243785982.html,News,"June 25, 2020, 2:44 PM",https://www.mcclatchy-wires.com/incoming/g5uvo5/picture243785962/alternates/LANDSCAPE_768/Election_2020_Canvassing_75471.jpg
Trump-Biden debate relocates to Miami as University of Michigan frets about COVID-19,https://www.miamiherald.com/news/politics-government/article243730632.html,Politics,"June 23, 2020, 8:58 AM",https://www.miamiherald.com/latest-news/q2f7n6/picture232055157/alternates/LANDSCAPE_768/Dem_Debate_Day_Two_ADD_2.JPG
AP News in Brief at 11:04 p.m. EDT,https://www.miamiherald.com/news/nation-world/article243692427.html,Nation & World,"June 21, 2020, 11:04 PM",
"Jackson Memorial secures rapid coronavirus test touted by Trump, with DeSantis’ help",https://www.miamiherald.com/news/coronavirus/article241803376.html,Coronavirus,"April 6, 2020, 5:18 PM",https://www.miamiherald.com/latest-news/29dooh/picture241803446/alternates/LANDSCAPE_768/1215797267.JPG
"Haircuts, parties and masks: Leaders criticized for ignoring own coronavirus orders",https://www.miamiherald.com/news/coronavirus/article241841106.html,Coronavirus,"April 8, 2020, 10:40 AM",https://cf-images.us-east-1.prod.boltdns.net/v1/static/5615998022001/c92862cb-344b-4530-96c7-f2188b68258f/89434f02-e751-4be7-a331-00c8b3e597a0/1280x720/match/image.jpg
Poison calls spike in some areas after Trump suggests injecting disinfectant for COVID,https://www.miamiherald.com/news/coronavirus/article242318056.html,Coronavirus,"April 27, 2020, 2:19 PM",https://www.islandpacket.com/latest-news/33r3ke/picture241164066/alternates/LANDSCAPE_768/IMG_4867.jpg
Trump extends coronavirus guidelines to April 30,https://www.miamiherald.com/news/coronavirus/article241608811.html,Coronavirus,"March 29, 2020, 8:52 PM",https://cf-images.us-east-1.prod.boltdns.net/v1/static/5502557041001/885952cd-d83f-4cac-8bbf-900c68f8a338/1fdae0e8-de93-440b-8d2c-089cb07c5794/1280x720/match/image.jpg
Denver councilwoman’s tweet calls for people with coronavirus to go to Trump rallies,https://www.miamiherald.com/news/politics-government/article240860106.html,Politics,"March 3, 2020, 7:37 PM",https://pics.mcclatchyinteractive.com/incoming/8rj90q/picture240860191/alternates/LANDSCAPE_768/denver%20gop.PNG
The Florida COVID-19 data said one thing while Gov. DeSantis sometimes said another,https://www.miamiherald.com/news/politics-government/state-politics/article242937591.html,Florida Politics,"June 12, 2020, 8:00 AM",https://www.miamiherald.com/latest-news/2awasf/picture243453411/alternates/LANDSCAPE_768/numbers_game_lede2.jpg
"COVID cases surge, DeSantis spins,  Trump tempts Maduro and ¡Hola! from Biden",https://www.miamiherald.com/site-services/newsletters/politics-policy-in-sunshine-state/article243693707.html,Politics & Policy in the Sunshine State Newsletter,"June 22, 2020, 2:11 AM",https://www.miamiherald.com/latest-news/x52mc2/picture243688817/alternates/LANDSCAPE_768/MIA_DESANTISPRESSER-Local00%20(3)
Fauci: US ‘going in wrong direction’ in coronavirus outbreak,https://www.miamiherald.com/news/article243902432.html,News,"June 30, 2020, 8:09 PM",https://www.mcclatchy-wires.com/incoming/3835r6/picture243902337/alternates/LANDSCAPE_768/Virus_Outbreak_Senate_16232.jpg
Trump suggested injecting disinfectant for coronavirus. Here’s why that’s a bad idea,https://www.miamiherald.com/news/coronavirus/article242259526.html,Coronavirus,"April 24, 2020, 8:55 AM",https://cf-images.us-east-1.prod.boltdns.net/v1/static/5615998022001/d97326cf-5083-4e72-a48a-7d8d4f3e7f57/3a9e4f71-1340-4733-be0f-f8556934eeb3/1280x720/match/image.jpg
