Title,Title_link,Thumbnail,timeago,entry-summary
White House adviser: Trump administration preparing for possible second wave of coronavirus in the fall,https://wsvn.com/news/us-world/white-house-adviser-trump-administration-preparing-for-possible-second-wave-of-coronavirus-in-the-fall/,https://sunbeamwsvn.files.wordpress.com/2020/06/hypatia-h_fe64098aba4119b40e6cad4b6ea23c3e-h_ff58e66dd797c780ceb79f0f6ca8b575.jpg?quality=60&strip=color&w=1024,"June 22, 2020",(CNN) — White House trade adviser Peter Navarro said Sunday that the Trump administration is preparing for the possibility that a second wave of Covid-19 could hit the UnitedRead More
Trump rally called ‘dangerous move’ in age of coronavirus,https://wsvn.com/news/us-world/trump-rally-called-dangerous-move-in-age-of-coronavirus/,https://sunbeamwsvn.files.wordpress.com/2020/06/200613_trump_rally.jpg?quality=60&strip=color,"June 14, 2020","WASHINGTON (AP) — After months away from the campaign trail, President Donald Trump plans to rally his supporters this coming Saturday for the first time since mostRead More"
Trump administration likely to announce travel restrictions to Brazil because of coronavirus spike,https://wsvn.com/news/us-world/trump-administration-likely-to-announce-travel-restrictions-to-brazil-because-of-coronavirus-spike/,https://sunbeamwsvn.files.wordpress.com/2020/05/brazil.jpg?quality=60&strip=color&w=1024,"May 24, 2020","(CNN) — National security adviser Robert O’Brien said Sunday that the Trump administration is likely to announce new restrictions on travel to Brazil. O’Brien, duringRead More"
Trump valet has coronavirus; president again tests negative,https://wsvn.com/news/politics/trump-valet-has-coronavirus-president-again-tests-negative/,https://sunbeamwsvn.files.wordpress.com/2020/05/200507_trump_valet.jpg?quality=60&strip=color,"May 7, 2020","WASHINGTON (AP) — A member of the military serving as one of President Donald Trump’s valets has tested positive for the coronavirus, the White HouseRead More"
House expected to send 4th coronavirus aid bill to Trump,https://wsvn.com/news/politics/house-expected-to-send-4th-coronavirus-aid-bill-to-trump/,https://sunbeamwsvn.files.wordpress.com/2020/04/hous-e1587644658562.png?w=1024,"April 23, 2020","WASHINGTON (AP) — The House is reassembling to send President Donald Trump a fourth bipartisan bill to help businesses crippled by the coronavirus, an almost $500Read More"
Trump says he’s close to a deal with Congress on coronavirus aid,https://wsvn.com/news/politics/trump-says-hes-close-to-a-deal-with-congress-on-coronavirus-aid/,https://sunbeamwsvn.files.wordpress.com/2020/04/trump-press-conference.png?w=1024,"April 19, 2020",WASHINGTON (AP) — The Trump administration and Congress are nearing an agreement on an aid package of up to $450 billion to boost a small-businessRead More
"Trump, Biden spoke by phone about coronavirus outbreak",https://wsvn.com/news/politics/trump-biden-spoke-by-phone-about-coronavirus-outbreak/,https://sunbeamwsvn.files.wordpress.com/2020/04/trump-biden-e1586280859332.png?w=1024,"April 7, 2020","WASHINGTON (AP) — President Donald Trump said he had a “really wonderful, warm conversation” with Joe Biden on Monday about the coronavirus outbreak. “He gave me hisRead More"
Trump uses coronavirus crisis to push his broader agenda,https://wsvn.com/news/politics/trump-uses-coronavirus-crisis-to-push-his-broader-agenda/,https://sunbeamwsvn.files.wordpress.com/2020/04/200404_donald_trump-e1586049756348.jpg?quality=60&strip=color,"April 5, 2020",WASHINGTON (AP) — President Donald Trump is taking an old political adage to heart: Never let a crisis go to waste. The coronavirus is projected to killRead More
"US coronavirus death toll tops 8,000 as Trump warns ‘there will be a lot of death’",https://wsvn.com/news/us-world/us-coronavirus-death-toll-tops-8000-as-trump-warns-there-will-be-a-lot-of-death/,https://sunbeamwsvn.files.wordpress.com/2020/04/200404_donald_trump-e1586049756348.jpg?quality=60&strip=color,"April 4, 2020",(CNN) — President Donald Trump on Saturday warned that “there will be a lot of death” in the coming weeks as the number of peopleRead More
Trump Organization closes Mar-a-Lago because of coronavirus,https://wsvn.com/news/politics/trump-organization-closes-mar-a-lago-because-of-coronavirus/,https://sunbeamwsvn.files.wordpress.com/2020/03/hypatia-h_f8dbdc182421e257c749ff561cb86f65-h_b37733699126860d2db0adfdfbb76b46.jpg?quality=60&strip=color&w=1024,"March 21, 2020","(CNN) — President Donald Trump’s Mar-a-Lago resort has closed in its entirety, a member told CNN, as the coronavirus shutters many public spaces. CNN reportedRead More"
Trump: Micky Arison to make Carnival cruise ships available for use in fight against coronavirus outbreak,https://wsvn.com/news/us-world/trump-micky-arison-to-make-carnival-cruise-ships-available-for-use-in-fight-against-coronavirus-outbreak/,https://sunbeamwsvn.files.wordpress.com/2017/03/carnival_generic.jpg?quality=60&strip=color,"March 19, 2020",President Donald Trump said Micky Arison of the Carnival Corporation has offered some of his cruise ships as resources in the fight against the coronavirus.Read More
Trump moves to blunt coronavirus’ heavy impact on US economy,https://wsvn.com/news/politics/trump-moves-to-blunt-coronavirus-heavy-impact-on-us-economy/,https://sunbeamwsvn.files.wordpress.com/2020/03/cnn-3-16-white-house-cv-task-force-briefing_1_moment.jpg?quality=60&strip=color&w=1024,"March 17, 2020","WASHINGTON (AP) — Ahead of an expected surge in coronavirus cases, President Donald Trump on Tuesday moved to blunt the impact of the pandemic onRead More"
Trump tests negative for coronavirus; White House begins screening,https://wsvn.com/news/politics/trump-tests-negative-for-virus-white-house-begins-screening/,https://sunbeamwsvn.files.wordpress.com/2020/03/200314_trump.jpg?quality=60&strip=color,"March 14, 2020","WASHINGTON (AP) — After days of resisting screening for the coronavirus, President Donald Trump tested negative for the virus, officials said Saturday night. Meanwhile, the White HouseRead More"
Trump takes coronavirus test,https://wsvn.com/news/us-world/trump-takes-coronavirus-test/,https://sunbeamwsvn.files.wordpress.com/2020/02/200226_trump_coronavirus.jpg?quality=60&strip=color,"March 14, 2020",(CNN) — President Donald Trump announced Saturday at a press briefing at the White House that he has been tested for coronavirus. He said heRead More
President Trump donates 4th-quater salary to combat coronavirus,https://wsvn.com/news/politics/president-trump-donates-4th-quater-salary-to-combat-coronavirus/,https://sunbeamwsvn.files.wordpress.com/2020/02/trump-4-2.jpg?quality=60&strip=color&w=1024,"March 3, 2020","WASHINGTON (WSVN) — President Donald Trump is donating his fourth-quarter salary from 2019 to help combat the outbreak of COVID-19, also known as the coronavirus.Read More"
Trump to discuss coronavirus threat Saturday at White House,https://wsvn.com/news/politics/trump-to-discuss-coronavirus-threat-saturday-at-white-house/,https://sunbeamwsvn.files.wordpress.com/2020/02/200226_trump_coronavirus.jpg?quality=60&strip=color,"February 29, 2020","WASHINGTON (AP) — President Donald Trump said Saturday he’ll address the nation about the coronavirus threat, as officials in Washington state reported the first U.S.Read More"
‘Masks are extremely important’: Fauci and Redfield urge public to wear face coverings as states struggle to contain coronavirus,https://wsvn.com/news/us-world/masks-are-extremely-important-fauci-and-redfield-urge-public-to-wear-face-coverings-as-states-struggle-to-contain-coronavirus/,https://sunbeamwsvn.files.wordpress.com/2020/06/dr.-anthony-fauci.png?w=1024,"June 30, 2020",(CNN) — Coronavirus task force member Dr. Anthony Fauci and US Centers for Disease Control and Prevention Director Robert Redfield stressed the importance of wearing masks duringRead More
Trump administration extends visa ban to non-immigrants,https://wsvn.com/news/politics/trump-administration-extends-visa-ban-to-non-immigrants/,https://sunbeamwsvn.files.wordpress.com/2020/06/200621_trump_rally_speech.jpg?quality=60&strip=color,"June 22, 2020",WASHINGTON (AP) — The Trump administration is extending a ban on green cards issued outside the United States until the end of the year andRead More
WHO reports largest single-day increase in coronavirus cases,https://wsvn.com/news/us-world/who-reports-largest-single-day-increase-in-coronavirus-cases/,https://sunbeamwsvn.files.wordpress.com/2020/04/200414_who_building-e1586909058573.jpg?quality=60&strip=color,"June 21, 2020","GENEVA (AP) — The World Health Organization on Sunday reported the largest single-day increase in coronavirus cases by its count, at more than 183,000 newRead More"
Trump suggests US slow virus testing to avoid bad statistics,https://wsvn.com/news/politics/trump-suggests-us-slow-virus-testing-to-avoid-bad-statistics/,https://sunbeamwsvn.files.wordpress.com/2020/06/200621_trump_rally_speech.jpg?quality=60&strip=color,"June 21, 2020","TULSA, Okla. (AP) — President Donald Trump said Saturday he’s asked his administration to slow down coronavirus testing because robust testing turns up too manyRead More"
Spain opens border to tourists; Trump wants less testing,https://wsvn.com/news/us-world/spain-opens-border-to-tourists-trump-wants-less-testing/,https://sunbeamwsvn.files.wordpress.com/2020/04/spain-e1586797038459.png?w=1024,"June 21, 2020","BARCELONA, Spain (AP) — Spain reopened its borders to European tourists Sunday in a bid to kickstart its economy, while Brazil and South Africa struggledRead More"
"Heat, virus no deterrent for Trump fans camped outside arena",https://wsvn.com/news/politics/heat-virus-no-deterrent-for-trump-fans-camped-outside-arena/,https://sunbeamwsvn.files.wordpress.com/2020/06/trump-fans-e1592569383380.png?w=1024,"June 19, 2020","TULSA, Okla. (AP) — Rick Frazier drove more than 750 miles from Ohio to Tulsa to be one of the first campers in line forRead More"
Coronavirus cases are spiking across the country and experts say Florida has the makings of the next epicenter,https://wsvn.com/news/us-world/coronavirus-cases-are-spiking-across-the-country-and-experts-say-florida-has-the-makings-of-the-next-epicenter/,https://sunbeamwsvn.files.wordpress.com/2020/03/beaches.png,"June 18, 2020","(CNN) — Ten states saw a record number of new Covid-19 cases this week, and one of them could be the next epicenter of the pandemic. FloridaRead More"
"Model projects 200,000 people in the US could die of coronavirus by October",https://wsvn.com/news/us-world/model-projects-200000-people-in-the-us-could-die-of-coronavirus-by-october/,https://sunbeamwsvn.files.wordpress.com/2020/06/new-model-e1592308599863.png?w=1024,"June 16, 2020","(CNN) — The United States could see more than 200,000 deaths from Covid-19 by October 1, a closely watched model predicted Monday as states continue to reopen. MoreRead More"
Accuracy still unknown for many coronavirus tests rushed out,https://wsvn.com/news/us-world/accuracy-still-unknown-for-many-coronavirus-tests-rushed-out/,https://sunbeamwsvn.files.wordpress.com/2020/04/covid-19-5070657_1920.jpg?quality=60&strip=color&w=1024,"June 14, 2020","WASHINGTON (AP) — How accurate are the coronavirus tests used in the U.S.? Months into the outbreak, no one really knows how well many ofRead More"
Trump addresses a socially distanced West Point graduation,https://wsvn.com/news/us-world/trump-addresses-a-socially-distanced-west-point-graduation/,https://sunbeamwsvn.files.wordpress.com/2020/06/hypatia-h_211c9578a041c1e02c88b2706cff6ab4-h_58cfa894201784c0d4979d01f8a5e5b0.jpg?quality=60&strip=color&w=1024,"June 14, 2020","(CNN) — President Donald Trump on Saturday addressed 1,107 graduates who gathered at the US Military Academy at West Point for the academy’s annual commencement.Read More"
Trump seeks to host Republican National Convention in South Florida,https://wsvn.com/news/politics/trump-seeks-to-host-republican-national-convention-in-south-florida/,https://sunbeamwsvn.files.wordpress.com/2020/06/060320-trump-rnc.png?w=1024,"June 3, 2020",President Donald Trump is seeking to host the Republican National Convention in South Florida in August after the governor of North Carolina refused to guaranteeRead More
The protests are raising fears of a spike in coronavirus cases,https://wsvn.com/news/us-world/the-protests-are-raising-fears-of-a-spike-in-coronavirus-cases/,https://sunbeamwsvn.files.wordpress.com/2020/06/protests-nationwide.png?w=1024,"June 1, 2020",(CNN) — Government leaders and health officials have expressed their concern that coronavirus could rapidly spread during protests over the death of George Floyd. Floyd died after since-fired MinneapolisRead More
EU urges Trump to rethink cutting funding to WHO,https://wsvn.com/news/us-world/eu-urges-trump-to-rethink-cutting-funding-to-who/,https://sunbeamwsvn.files.wordpress.com/2018/07/european_union.jpg?quality=60&strip=color,"May 30, 2020",WASHINGTON (AP) — The European Union on Saturday urged U.S. President Donald Trump to rethink his decision to cut American funding for the World HealthRead More
Americans are crowding public places and officials fear possibility of spikes in coronavirus cases,https://wsvn.com/news/us-world/americans-are-crowding-public-places-and-officials-fear-possibility-of-spikes-in-coronavirus-cases/,https://sunbeamwsvn.files.wordpress.com/2020/05/hypatia-h_4035307327117f9b39fd57b9327840c8-h_3e8613710377a731b6dc0ea648534621.jpg?quality=60&strip=color&w=1024,"May 25, 2020","(CNN) — At a glance, it may look like many Americans have long forgotten about the dangers of coronavirus. Crowds packed beaches in Florida, Maryland, Georgia,Read More"
Inside the FDA’s reversals and walk-backs as it grapples with the coronavirus pandemic,https://wsvn.com/news/us-world/inside-the-fdas-reversals-and-walk-backs-as-it-grapples-with-the-coronavirus-pandemic/,https://sunbeamwsvn.files.wordpress.com/2020/04/covid-19-5070657_1920.jpg?quality=60&strip=color&w=1024,"May 24, 2020",(CNN) — Dr. Stephen Hahn repeatedly pledged in a CNN interview Tuesday that science and data would be his “north star” while leading the FoodRead More
"Trump’s pitch to voters: Trust me, economy will soar in 2021",https://wsvn.com/news/politics/trumps-pitch-to-voters-trust-me-economy-will-soar-in-2021/,https://sunbeamwsvn.files.wordpress.com/2020/05/trump-1-e1590061742536.png?w=1024,"May 24, 2020","WASHINGTON (AP) — President Donald Trump has a new pitch to voters for this fall: Trust me. As the economy faces a once-in-a-century recession, with more thanRead More"
"Virus, economy, Trump and cash hamper GOP’s bid for House",https://wsvn.com/news/politics/virus-economy-trump-and-cash-hamper-gops-bid-for-house/,https://sunbeamwsvn.files.wordpress.com/2019/12/191205-nancy-pelosi-2.png?w=1024,"May 23, 2020",WASHINGTON (AP) — Republicans are brandishing the latest weapon in their uphill fight for House control this November: votes by moderate Democrats to pass aRead More
Alabama coronavirus outlook worsening amid state reopening,https://wsvn.com/news/us-world/alabama-coronavirus-outlook-worsening-amid-state-reopening/,https://sunbeamwsvn.files.wordpress.com/2019/05/190515-kay-ivey.png?w=1024,"May 23, 2020","BIRMINGHAM, Ala. (AP) — With Alabama’s coronavirus caseload worsening while casinos, churches and more reopen, the state’s most recognizable person had some stern words about bringing COVID-19Read More"
"Trump deems churches ‘essential,’ calls for them to reopen",https://wsvn.com/news/politics/trump-deems-churches-essential-calls-for-them-to-reopen/,https://sunbeamwsvn.files.wordpress.com/2020/04/200427-trump.png,"May 22, 2020",WASHINGTON (AP) — President Donald Trump said Friday that he has deemed churches and other houses of worship “essential” and called on governors across theRead More
Trump lashes out at scientists whose findings contradict him,https://wsvn.com/news/politics/trump-lashes-out-at-scientists-whose-findings-contradict-him/,https://sunbeamwsvn.files.wordpress.com/2020/05/trump-1-e1590061742536.png?w=1024,"May 22, 2020","WASHINGTON (AP) — “A Trump enemy statement,” he said of one study. “A political hit job,” he said of another. As President Donald Trump pushes toRead More"
Pandemic politics: Maskless Trump tours Michigan Ford plant,https://wsvn.com/news/politics/pandemic-politics-maskless-trump-tours-michigan-ford-plant/,https://sunbeamwsvn.files.wordpress.com/2020/05/052220-trump-ford-tour-e1590147105486.png?w=1024,"May 22, 2020","YPSILANTI TOWNSHIP, Mich. (AP) — Pandemic politics shadowed President Donald Trump’s trip to Michigan on Thursday as he highlighted lifesaving medical devices, with the presidentRead More"
Trump: US flag will be half-staff next 3 days in memory of COVID-19 victims,https://wsvn.com/news/politics/trump-us-flag-will-be-half-staff-next-3-days-in-memory-of-covid-19-victims/,https://sunbeamwsvn.files.wordpress.com/2019/08/half-mast-3418870_1920.jpg?quality=60&strip=color&w=1024,"May 21, 2020",WASHINGTON — President Donald Trump says he will order the U.S. flag to be flown at half-staff over the next three days as the deathRead More
Trump slams mail-in balloting promoted by his own campaign,https://wsvn.com/news/politics/trump-slams-mail-in-balloting-promoted-by-his-own-campaign/,https://sunbeamwsvn.files.wordpress.com/2020/05/trump-1-e1590061742536.png?w=1024,"May 21, 2020","WASHINGTON (AP) — President Donald Trump on Thursday railed against mail-in balloting that in some cases has been promoted by his own reelection campaign, allegingRead More"
Ex-Trump lawyer Michael Cohen released from US prison,https://wsvn.com/news/politics/ex-trump-lawyer-michael-cohen-released-from-us-prison/,https://sunbeamwsvn.files.wordpress.com/2020/05/200521_michael_cohen.jpg?quality=60&strip=color,"May 21, 2020","NEW YORK (AP) — President Donald Trump’s former personal lawyer and fixer, Michael Cohen, was released from federal prison Thursday to serve the remainder ofRead More"
Trump muses about hosting G-7 summit in US after all,https://wsvn.com/news/politics/trump-muses-about-hosting-g-7-summit-in-us-after-all/,https://sunbeamwsvn.files.wordpress.com/2020/05/200511_donald_trump.jpg?quality=60&strip=color,"May 20, 2020",WASHINGTON (AP) — President Donald Trump said Wednesday that he’s considering holding an in-person meeting in the U.S. with the leaders of the world’s majorRead More
My ‘decision to make’: Trump defends criticized use of drug,https://wsvn.com/news/politics/my-decision-to-make-trump-defends-criticized-use-of-drug/,https://sunbeamwsvn.files.wordpress.com/2020/05/200519_pelosi_trump.jpg?quality=60&strip=color,"May 19, 2020",WASHINGTON (AP) — President Donald Trump emphatically defended himself Tuesday against criticism from medical experts that his announced use of a malaria drug against theRead More
Experts: Trump’s threats to WHO could undercut global health,https://wsvn.com/news/politics/experts-trumps-threats-to-who-could-undercut-global-health/,https://sunbeamwsvn.files.wordpress.com/2020/05/200518_donald_trump.jpg?quality=60&strip=color,"May 19, 2020","GENEVA (AP) — U.S. President Donald Trump’s attacks on the World Health Organization are hurting its ability to protect global health, medical experts said Tuesday,Read More"
"Despite risks, Trump says he’s taking hydroxychloroquine",https://wsvn.com/news/politics/despite-risks-trump-says-hes-taking-hydroxychloroquine/,https://sunbeamwsvn.files.wordpress.com/2020/05/200518_donald_trump.jpg?quality=60&strip=color,"May 18, 2020","WASHINGTON (AP) — The White House hurried Tuesday to defend President Donald Trump’s decision to take a malaria drug to protect against the coronavirus, despiteRead More"
Democrats push new $3T coronavirus relief bill through House,https://wsvn.com/news/politics/democrats-push-new-3t-coronavirus-relief-bill-through-house/,https://sunbeamwsvn.files.wordpress.com/2019/12/nancy-pelosi-e1579013651853.jpg?quality=60&strip=color&w=1024,"May 15, 2020","WASHINGTON (AP) — Democrats powered a massive $3 trillion coronavirus relief bill through the House on Friday, an election-year measure designed to brace a U.S.Read More"
Trump’s Mar-a-Lago club to partially reopen this weekend,https://wsvn.com/news/politics/trumps-mar-a-lago-club-to-partially-reopen-this-weekend/,https://sunbeamwsvn.files.wordpress.com/2020/01/010720-mar-a-lago.jpg?quality=60&strip=color&w=1024,"May 14, 2020","FORT LAUDERDALE, Fla. (AP) — President Donald Trump’s Mar-a-Lago club will partially reopen to members this weekend as South Florida slowly reopens from the coronavirusRead More"
Wisconsin bars reopen after court ruling praised by Trump,https://wsvn.com/news/us-world/wisconsin-bars-reopen-after-court-ruling-praised-by-trump/,https://sunbeamwsvn.files.wordpress.com/2020/05/wisconsin-e1589458967662.png?w=1024,"May 14, 2020","MADISON, Wis. (AP) — A court ruling tossing out Wisconsin’s stay-at-home order threw communities into chaos Thursday, after some bars opened immediately and were packedRead More"
"Trump ramps up expulsions of migrant youth, citing virus",https://wsvn.com/news/politics/trump-ramps-up-expulsions-of-migrant-youth-citing-virus/,https://sunbeamwsvn.files.wordpress.com/2018/11/1000w_q95-4.jpg?quality=60&strip=color,"May 13, 2020",HOUSTON (AP) — The young migrants and asylum seekers swim across the Rio Grande and clamber into the dense brush of Texas. Many are teensRead More
"Pelosi unveils $3 trillion coronavirus aid package with more stimulus payments, hazard pay for essential workers",https://wsvn.com/news/politics/pelosi-unveils-3-trillion-coronavirus-aid-package-with-more-stimulus-payments-hazard-pay-for-essential-workers/,https://sunbeamwsvn.files.wordpress.com/2020/05/ap_20133704474085-e1589314046997.jpg?quality=60&strip=color&w=1024,"May 12, 2020","WASHINGTON (AP) — House Speaker Nancy Pelosi unveiled a more than $3 trillion coronavirus aid package Tuesday, providing nearly $1 trillion in aid for states,Read More"
Trump faces virus at White House amid push to ‘reopen’ US,https://wsvn.com/news/politics/trump-faces-virus-at-white-house-amid-push-to-reopen-us/,https://sunbeamwsvn.files.wordpress.com/2020/05/200511_donald_trump.jpg?quality=60&strip=color,"May 11, 2020","WASHINGTON (AP) — President Donald Trump insisted Monday his administration has “met the moment” and “prevailed” on coronavirus testing, even as the White House itselfRead More"
Experts worry CDC is sidelined in coronavirus response,https://wsvn.com/news/us-world/experts-worry-cdc-is-sidelined-in-coronavirus-response/,https://sunbeamwsvn.files.wordpress.com/2020/04/fauci.png?w=1024,"May 11, 2020",NEW YORK (AP) — The Centers for Disease Control and Prevention has repeatedly found its suggestions for fighting the coronavirus outbreak taking a backseat toRead More
Trump advisers cite need to stop ‘permanent’ economic toll,https://wsvn.com/news/politics/trump-advisers-cite-need-to-stop-permanent-economic-toll/,https://sunbeamwsvn.files.wordpress.com/2020/04/200428-trump.png,"May 10, 2020",WASHINGTON (AP) — Some of President Donald Trump’s top economic advisers emphasized on Sunday the importance of states getting more businesses and offices open evenRead More
"As Trump pulls back from virus, Congress races to fill void",https://wsvn.com/news/politics/as-trump-pulls-back-from-virus-congress-races-to-fill-void/,https://sunbeamwsvn.files.wordpress.com/2017/10/171002congress.jpg?quality=60&strip=color,"May 10, 2020","WASHINGTON (AP) — As President Donald Trump tries to move on from the coronavirus, Congress is rushing to fill the void and prepare the country forRead More"
VP Pence’s press secretary tests positive for coronavirus,https://wsvn.com/news/politics/vp-pences-press-secretary-tests-positive-for-coronavirus/,https://sunbeamwsvn.files.wordpress.com/2020/05/050820-katie-miller-pence-press-sec.png?w=1024,"May 8, 2020","WASHINGTON (AP) — Vice President Mike Pence’s press secretary has the coronavirus, the White House said Friday, making her the second person who works atRead More"
Trump administration buries detailed CDC advice on reopening,https://wsvn.com/news/politics/trump-administration-buries-detailed-cdc-advice-on-reopening/,https://sunbeamwsvn.files.wordpress.com/2020/05/trump.png?w=1024,"May 7, 2020","GAINESVILLE, Fla. (AP) — The Trump administration shelved a document created by the nation’s top disease investigators with step-by-step advice to local authorities on howRead More"
"Trump: COVID-19 task force not dismantling, just refocusing",https://wsvn.com/news/politics/trump-covid-19-task-force-not-dismantling-just-refocusing/,https://sunbeamwsvn.files.wordpress.com/2020/05/trump.png?w=1024,"May 6, 2020","President Donald Trump on Wednesday reversed course on plans to wind down his COVID-19 task force, attempting to balance his enthusiasm for “reopening” the countryRead More"
"As Trump resumes travel, staff takes risks to prepare trip",https://wsvn.com/news/politics/as-trump-resumes-travel-staff-takes-risks-to-prepare-trip/,https://sunbeamwsvn.files.wordpress.com/2020/05/050520-trump.jpg?quality=60&strip=color&w=1024,"May 5, 2020","WASHINGTON (AP) — For much of the last two months, President Donald Trump has rarely left the grounds of the White House as he’s dealtRead More"
"Trump pushes economy reopening, says virus could kill 100K",https://wsvn.com/news/politics/trump-pushes-economy-reopening-says-virus-could-kill-100k/,https://sunbeamwsvn.files.wordpress.com/2020/04/200428-trump.png,"May 4, 2020","WASHINGTON (AP) — Pushing to reopen the economy, President Donald Trump insists that states can gradually lift lockdowns and still protect people from the coronavirusRead More"
"In televised town hall, Trump pushes for economic reopening",https://wsvn.com/news/politics/in-televised-town-hall-trump-pushes-for-economic-reopening/,https://sunbeamwsvn.files.wordpress.com/2020/04/200427-trump.png,"May 3, 2020","WASHINGTON (AP) — Anxious to spur an economic recovery without risking lives, President Donald Trump on Sunday insisted that “you can satisfy both” — seeRead More"
"Sidelined by pandemic, Trump campaign turns to digital shows",https://wsvn.com/news/politics/sidelined-by-pandemic-trump-campaign-turns-to-digital-shows/,https://sunbeamwsvn.files.wordpress.com/2020/04/200427-trump.png,"May 3, 2020","WASHINGTON (AP) — The streaming video began and, within minutes, the president’s eldest son was musing that Osama bin Laden had endorsed Joe Biden. Subtle,Read More"
FDA allows emergency use of drug for coronavirus,https://wsvn.com/news/us-world/fda-allows-emergency-use-of-drug-for-coronavirus/,https://sunbeamwsvn.files.wordpress.com/2020/04/200425_coronavirus_test_sample-e1587851150852.jpg?quality=60&strip=color,"May 1, 2020",WASHINGTON (AP) — U.S. regulators on Friday allowed emergency use of an experimental drug that appears to help some coronavirus patients recover faster. It isRead More
Trump predicts ‘spectacular’ rebound as economy plunges,https://wsvn.com/news/politics/trump-predicts-spectacular-rebound-as-economy-plunges/,https://sunbeamwsvn.files.wordpress.com/2020/04/200428-trump.png,"April 30, 2020","WASHINGTON (AP) — Trying to dispel economic gloom, President Donald Trump said Thursday he’s anticipating a major rebound in the coming months and a “spectacular”Read More"
Trump says he won’t extend social distancing guidelines,https://wsvn.com/news/us-world/trump-says-he-wont-extend-social-distancing-guidelines/,https://sunbeamwsvn.files.wordpress.com/2020/04/200428-trump.png,"April 29, 2020","WASHINGTON (AP) — President Donald Trump said the federal government will not be extending its coronavirus social distancing guidelines once they expire Thursday, and hisRead More"
Trump order keeping meat packing plants open worries unions,https://wsvn.com/news/us-world/trump-order-keeping-meat-packing-plants-open-worries-unions-2/,https://sunbeamwsvn.files.wordpress.com/2020/03/donald-trump.png?w=1024,"April 29, 2020",WASHINGTON (AP) — President Donald Trump took executive action to order meat processing plants to stay open amid concerns over growing coronavirus cases and theRead More
Trump order keeping meat packing plants open worries unions,https://wsvn.com/news/us-world/trump-order-keeping-meat-packing-plants-open-worries-unions/,https://sunbeamwsvn.files.wordpress.com/2020/04/steak--e1588180708894.png?w=1024,"April 29, 2020",WASHINGTON (AP) — President Donald Trump took executive action to order meat processing plants to stay open amid concerns over growing coronavirus cases and the impact onRead More
"Trump says virus testing ‘not a problem,’ but doubts persist",https://wsvn.com/news/politics/trump-says-virus-testing-not-a-problem-but-doubts-persist/,https://sunbeamwsvn.files.wordpress.com/2020/04/200427-trump.png,"April 27, 2020","WASHINGTON (AP) — The White House released new guidelines Monday aimed at answering criticism that America’s coronavirus testing has been too slow, and President DonaldRead More"
Coronavirus cases in the United States are nearing 1 million,https://wsvn.com/news/us-world/coronavirus-cases-in-the-united-states-are-nearing-1-million/,https://sunbeamwsvn.files.wordpress.com/2020/04/hypatia-h_119a2a43d36e2cd953a65b20564a2e49-h_f9ec7174db8659e854ff8ca539cfe11f.jpg?quality=60&strip=color&w=1024,"April 27, 2020",(CNN) — A new week in the coronavirus pandemic is beginning with a United States case count approaching 1 million and several cities and states preparing toRead More
White House aiming for Trump pivot from virus to economy,https://wsvn.com/news/politics/white-house-aiming-for-trump-pivot-from-virus-to-economy/,https://sunbeamwsvn.files.wordpress.com/2020/03/trump-e1585584017862.jpg?quality=60&strip=color&w=1024,"April 26, 2020","WASHINGTON (AP) — After two months of frantic response to the coronavirus, the White House is planning to shift President Donald Trump’s public focus to theRead More"
"The United States’ reported coronavirus death toll approaches 52,000, over a quarter of the world’s known deaths",https://wsvn.com/news/us-world/the-united-states-reported-coronavirus-death-toll-approaches-52000-over-a-quarter-of-the-worlds-known-deaths/,https://sunbeamwsvn.files.wordpress.com/2020/03/022820-coronavirus-generic.png,"April 25, 2020","(CNN) — Less than three months since the first known coronavirus death in the US, the country’s reported fatalities make up more than a quarterRead More"
"In Trump’s shadow, Congress-at-home eyes reboot during virus",https://wsvn.com/news/politics/in-trumps-shadow-congress-at-home-eyes-reboot-during-virus/,https://sunbeamwsvn.files.wordpress.com/2018/06/180621_congress.jpg?quality=60&strip=color,"April 25, 2020","WASHINGTON (AP) — They long for what’s being lost: the ability to publicly question officials at committee hearings, to chat across the aisle, to speakRead More"
"No, don’t inject disinfectant: Outcry over Trump’s musing",https://wsvn.com/news/us-world/no-dont-inject-disinfectant-outcry-over-trumps-musing/,https://sunbeamwsvn.files.wordpress.com/2020/04/041720-donald-trump.png,"April 24, 2020","WASHINGTON (AP) — President Donald Trump’s raising of unproven, even far-fetched ideas for fighting COVID-19 — including his latest musing about injecting disinfectants into peopleRead More"
Trump set to sign bill with nearly $500B more in virus aid,https://wsvn.com/news/politics/trump-set-to-sign-bill-with-nearly-500b-more-in-virus-aid/,https://sunbeamwsvn.files.wordpress.com/2020/04/money-e1587730895686.png?w=1024,"April 24, 2020","WASHINGTON (AP) — President Donald Trump will hold a signing ceremony Friday for a bill providing a nearly $500 billion infusion of coronavirus spending, rushingRead More"
"Georgia is reopening hair salons, gyms and bowling alleys despite a rise in coronavirus deaths statewide",https://wsvn.com/news/us-world/georgia-is-reopening-hair-salons-gyms-and-bowling-alleys-despite-a-rise-in-coronavirus-deaths-statewide/,https://sunbeamwsvn.files.wordpress.com/2020/04/blue-background-1.png,"April 24, 2020","(CNN) — Undeterred by a barrage of criticism, Georgia is moving ahead with its plan to reopen some nonessential businesses despite an increase in coronavirus deaths statewide.Read More"
Trump: I ‘disagreed strongly’ with Georgia’s reopening plan,https://wsvn.com/news/politics/trump-i-disagreed-strongly-with-georgias-reopening-plan/,https://sunbeamwsvn.files.wordpress.com/2020/03/donald-trump.png?w=1024,"April 23, 2020","ATLANTA (AP) — President Donald Trump said Wednesday that he “disagreed strongly” with the decision by Georgia’s Republican governor to reopen salons, gyms and otherRead More"
"Trump vows to ‘suspend immigration,’ adviser cites health",https://wsvn.com/news/politics/trump-vows-to-suspend-immigration-adviser-cites-health/,https://sunbeamwsvn.files.wordpress.com/2020/04/trump-press-conference.png?w=1024,"April 20, 2020",WASHINGTON (AP) — President Donald Trump said that he will sign an executive order “to temporarily suspend immigration into the United States” because of the coronavirus.Read More
"Trump, Congress near deal on small business, hospital aid",https://wsvn.com/news/us-world/trump-congress-near-deal-on-small-business-hospital-aid/,https://sunbeamwsvn.files.wordpress.com/2020/03/donald-trump.png?w=1024,"April 20, 2020",WASHINGTON (AP) — The Trump administration and Congress are trudging toward an agreement on an aid package of more than $450 billion to boost aRead More
"Coronavirus deaths down in NY, but officials urge vigilance",https://wsvn.com/news/us-world/coronavirus-deaths-down-in-ny-but-officials-urge-vigilance/,https://sunbeamwsvn.files.wordpress.com/2020/03/stay-home-e1584983891533.png?w=1024,"April 19, 2020","NEW YORK (AP) — The coronavirus death toll in New York dropped again, a sign that Gov. Andrew Cuomo said Sunday means the state isRead More"
‘LIBERATE!’: Trump pushes states to lift virus restrictions,https://wsvn.com/news/politics/liberate-trump-pushes-states-to-lift-virus-restrictions/,https://sunbeamwsvn.files.wordpress.com/2020/04/041720-donald-trump.png,"April 17, 2020","WASHINGTON (AP) — President Donald Trump urged supporters to “LIBERATE” three states led by Democratic governors Friday, apparently encouraging protests against stay-at-home mandates aimed atRead More"
Ex-Trump lawyer Cohen to serve out prison sentence at home,https://wsvn.com/news/politics/ex-trump-lawyer-cohen-to-serve-out-prison-sentence-at-home/,https://sunbeamwsvn.files.wordpress.com/2020/04/michael-cohen-e1587140432759.png?w=1024,"April 17, 2020",WASHINGTON (AP) — President Donald Trump’s former lawyer and longtime fixer Michael Cohen will be released from federal prison to serve the remainder of hisRead More
Trump gives governors options on how to reopen the economy,https://wsvn.com/news/politics/trump-gives-governors-options-on-how-to-reopen-the-economy/,https://sunbeamwsvn.files.wordpress.com/2020/04/trump-1.png?w=1024,"April 16, 2020","WASHINGTON (AP) — President Donald Trump has given governors a road map for recovering from the economic pain of the coronavirus pandemic, laying out “a phasedRead More"
Trump faces global resistance to US plan to cut WHO funding,https://wsvn.com/news/politics/trump-faces-global-resistance-to-us-plan-to-cut-who-funding/,https://sunbeamwsvn.files.wordpress.com/2020/03/donald-trump.png?w=1024,"April 16, 2020",WASHINGTON (AP) — President Donald Trump faced international resistance Thursday to his plan to cut U.S. payments to the World Health Organization over its handlingRead More
Trump readies roadmap for economic recovery from virus,https://wsvn.com/news/politics/trump-readies-roadmap-for-economic-recovery-from-virus/,https://sunbeamwsvn.files.wordpress.com/2020/04/trump-e1587056325699.png?w=1024,"April 16, 2020",WASHINGTON (AP) — President Donald Trump prepared to unveil national guidelines Thursday on when and how the country starts to recover from the sharp economicRead More
New Trump advisory groups to consult on reopening US economy,https://wsvn.com/news/us-world/new-trump-advisory-groups-to-consult-on-reopening-us-economy/,https://sunbeamwsvn.files.wordpress.com/2020/03/donald-trump.png?w=1024,"April 15, 2020","WASHINGTON (AP) — President Donald Trump said Tuesday that he’s enlisting advisers from nearly all sectors of American commerce, the medical field and elected officeRead More"
Trump resort in Doral lays off 560 workers due to virus,https://wsvn.com/news/politics/trump-resort-in-doral-lays-off-560-workers-due-to-virus/,https://sunbeamwsvn.files.wordpress.com/2020/04/041520-trump-doral.png,"April 15, 2020","DORAL, Fla. (AP) — The Trump golf resort in South Florida where President Donald Trump initially wanted to host this year’s Group of Seven summitRead More"
"Trump ends US aid to WHO, says not enough done to stop virus",https://wsvn.com/news/politics/trump-ends-us-aid-to-who-says-not-enough-done-to-stop-virus/,https://sunbeamwsvn.files.wordpress.com/2020/04/041520-who.jpg?quality=60&strip=color,"April 15, 2020","WASHINGTON (AP) — President Donald Trump said he was cutting off U.S. payments to the World Health Organization during the coronavirus pandemic, accusing the organization ofRead More"
Trump directs halt to payments to WHO during virus pandemic,https://wsvn.com/news/politics/trump-directs-halt-to-payments-to-who-during-virus-pandemic/,https://sunbeamwsvn.files.wordpress.com/2020/04/200414_who_building-e1586909058573.jpg?quality=60&strip=color,"April 14, 2020","WASHINGTON (AP) — President Donald Trump said Tuesday that he was cutting off U.S. payments to the World Health Organization during the coronavirus pandemic, accusingRead More"
Sailor aboard USS Theodore Roosevelt dies of coronavirus,https://wsvn.com/news/us-world/sailor-aboard-uss-theodore-roosevelt-dies-of-coronavirus/,https://sunbeamwsvn.files.wordpress.com/2020/04/040120-uss-roosevelt-e1586784086752.png?w=1024,"April 13, 2020","(CNN) — A sailor who tested positive for Covid-19 on the USS Theodore Roosevelt has died of coronavirus, the US Navy said Monday. The Navy did not discloseRead More"
Trump claims ‘total’ authority over reopening economy,https://wsvn.com/news/politics/trump-claims-total-authority-over-reopening-economy/,https://sunbeamwsvn.files.wordpress.com/2020/03/donald-trump.png?w=1024,"April 13, 2020","WASHINGTON (AP) — Invoking the movie “Mutiny on the Bounty,” President Donald Trump suggested Tuesday that governors’ objections to his claim of absolute authority overRead More"
"More than 2,000 US coronavirus deaths reported in a day, likely a peak toll, expert says",https://wsvn.com/news/us-world/more-than-2000-us-coronavirus-deaths-reported-in-a-day-likely-a-peak-toll-expert-says/,https://sunbeamwsvn.files.wordpress.com/2020/04/hypatia-h_8c45d2c16c2ddf2758bbdf22a7917fc5-h_941b994e77c41244a1a3eeb4330d7efc.jpg?quality=60&strip=color&w=1024,"April 11, 2020","(CNN) — The US recorded at least 2,074 deaths Friday, the largest increase in coronavirus fatalities the country has seen since the beginning of the outbreak. TheRead More"
The farmworkers putting food on America’s tables are facing their own coronavirus crisis,https://wsvn.com/news/us-world/the-farmworkers-putting-food-on-americas-tables-are-facing-their-own-coronavirus-crisis/,https://sunbeamwsvn.files.wordpress.com/2020/03/coronavirus_generic_.jpg?quality=60&strip=color,"April 11, 2020",(CNN) — More than a million farmworkers aren’t hunkered down at home as the coronavirus pandemic paralyzes much of the country. Their labor — inRead More
Scientists say coronavirus won’t end with warmer weather while US plans for life under a new normal,https://wsvn.com/news/us-world/scientists-say-coronavirus-wont-end-with-warmer-weather-while-us-plans-for-life-under-a-new-normal/,https://sunbeamwsvn.files.wordpress.com/2020/04/hypatia-h_513435ce5207446e0d86a8c9d2ee0891-h_6aed85f25b64943c007c34c5296b5b0f.jpg?quality=60&strip=color&w=1024,"April 9, 2020","(CNN) — With health experts warning that warmer months won’t bring an end to coronavirus, officials are developing a framework for what America’s new normal couldRead More"
"US coronavirus cases top 402,000, with more than 13,000 deaths. But future projections are better than expected",https://wsvn.com/news/us-world/us-coronavirus-cases-top-402000-with-more-than-13000-deaths-but-future-projections-are-better-than-expected/,https://sunbeamwsvn.files.wordpress.com/2020/03/coronavirus_generic_.jpg?quality=60&strip=color,"April 8, 2020","(CNN) — The US war against coronavirus has taken devastating turns this week. But with more people taking social distancing seriously, researchers predict the comingRead More"
"Trump blasts world health group, defends early virus steps",https://wsvn.com/news/politics/trump-blasts-world-health-group-defends-early-virus-steps/,https://sunbeamwsvn.files.wordpress.com/2020/04/200407_donald_trump.jpg?quality=60&strip=color,"April 7, 2020","WASHINGTON (AP) — President Donald Trump on Tuesday threatened to freeze U.S. funding to the World Health Organization, saying the international group had “missed theRead More"
Why black Americans are at higher risk for coronavirus,https://wsvn.com/news/us-world/why-black-americans-are-at-higher-risk-for-coronavirus/,https://sunbeamwsvn.files.wordpress.com/2020/04/hypatia-h_a3e8b22c643ab0db7c2f69374ad63306-h_595160f2d0e3a8be9a5c2a0209bf764b.jpg?quality=60&strip=color&w=1024,"April 7, 2020","(CNN) — Black Americans have more existing medical issues, less access to health care, and are more likely to work in unstable jobs — allRead More"
"US coronavirus fight enters crucial weeks as the number of cases tops 330,000",https://wsvn.com/news/us-world/us-coronavirus-fight-enters-crucial-weeks-as-the-number-of-cases-tops-330000/,https://sunbeamwsvn.files.wordpress.com/2020/04/200405_coronavirus_patients.jpg?quality=60&strip=color,"April 5, 2020","(CNN) — The next two weeks will be crucial in the United States’ fight against the coronavirus, warn health officials, who are urging Americans toRead More"
The Latest: Fauci: Coronavirus could become seasonal,https://wsvn.com/news/us-world/the-latest-fauci-coronavirus-could-become-seasonal/,https://sunbeamwsvn.files.wordpress.com/2020/03/anthony-fauci-e1586169574599.jpg?quality=60&strip=color&w=1024,"April 5, 2020",WASHINGTON — Dr. Anthony Fauci says there a very good chance the new coronavirus “will assume a seasonal nature” because it is unlikely to beRead More
"‘Crappy’ tests to check for past coronavirus infection are flooding the US, lab association says",https://wsvn.com/news/us-world/crappy-tests-to-check-for-past-coronavirus-infection-are-flooding-the-us-lab-association-says/,https://sunbeamwsvn.files.wordpress.com/2020/03/coronavirus-testing.png,"April 5, 2020",(CNN) — Regulatory changes by President Donald Trump’s administration have made it easier for companies to flood the US market with “crappy” tests that areRead More
A mounting casualty of coronavirus crisis: Health care jobs,https://wsvn.com/news/us-world/a-mounting-casualty-of-coronavirus-crisis-health-care-jobs/,https://sunbeamwsvn.files.wordpress.com/2018/03/healthcare-generic.png?w=1024,"April 4, 2020","HARRISBURG, Pa. (AP) — Tens of thousands of medical workers across the United States are suddenly out of work as operating rooms and doctor’s officesRead More"
"Face coverings recommended, but Trump says he won’t wear one",https://wsvn.com/news/us-world/face-coverings-recommended-but-trump-says-he-wont-wear-one/,https://sunbeamwsvn.files.wordpress.com/2020/02/200229_masked_travelers_mia.jpg?quality=60&strip=color,"April 3, 2020",WASHINGTON (AP) — President Donald Trump announced new federal guidelines Friday recommending that Americans wear face coverings when in public to help fight the spreadRead More
Miami Mayor asks President Trump to suspend flights to MIA,https://wsvn.com/news/local/miami-mayor-asks-president-trump-to-suspend-flights-to-mia/,https://sunbeamwsvn.files.wordpress.com/2020/03/200203-francis-suarez.png?w=1024,"April 2, 2020",The mayor of the City of Miami has sent a letter to President Donald Trump asking him to immediately suspend flights from international and domesticRead More
Trump admin moves toward promoting broader use of face masks,https://wsvn.com/news/politics/trump-admin-moves-toward-promoting-broader-use-of-face-masks/,https://sunbeamwsvn.files.wordpress.com/2020/03/donald-trump.png?w=1024,"April 2, 2020","WASHINGTON (AP) — The Trump administration is formalizing new guidance to recommend that many, if not almost all, Americans wear face coverings when leaving home,Read More"
"Trump resists national shutdown, leaving it up to states",https://wsvn.com/news/us-world/trump-resists-national-shutdown-leaving-it-up-to-states/,https://sunbeamwsvn.files.wordpress.com/2020/03/donald-trump.png?w=1024,"April 2, 2020",WASHINGTON (AP) — President Donald Trump is resisting calls to issue a national stay-at-home order to stem the spread of the new coronavirus despite his administration’s projectionsRead More
Gun background checks smash records amid coronavirus fears,https://wsvn.com/news/us-world/gun-background-checks-smash-records-amid-coronavirus-fears/,https://sunbeamwsvn.files.wordpress.com/2018/11/gun-generic.jpg?quality=60&strip=color,"April 1, 2020","Background checks required to buy firearms have spiked to record numbers in the past month, fueled by a run on guns from Americans worried aboutRead More"
Should you wear mask in public if not sick with coronavirus?,https://wsvn.com/news/us-world/should-you-wear-mask-in-public-if-not-sick-with-coronavirus/,https://sunbeamwsvn.files.wordpress.com/2020/03/022820-coronavirus-generic.png,"April 1, 2020","WASHINGTON (AP) — If you’re not sick with the new coronavirus, should you wear a mask in public? Global health authorities say no. Amid aRead More"
Stocks skid worldwide as coronavirus infections keep soaring,https://wsvn.com/news/us-world/stocks-skid-worldwide-as-coronavirus-infections-keep-soaring/,https://sunbeamwsvn.files.wordpress.com/2020/04/040120-stocks.png,"April 1, 2020",NEW YORK (AP) — U.S. stocks joined a worldwide downdraft Wednesday as more signs piled up of the economic and physical pain being caused byRead More
"The US is starting to see ‘glimmers’ that social distancing could be slowing the spread of coronavirus — but there’s more work to do, officials say",https://wsvn.com/news/us-world/the-us-is-starting-to-see-glimmers-that-social-distancing-could-be-slowing-the-spread-of-coronavirus-but-theres-more-work-to-do-officials-say/,https://sunbeamwsvn.files.wordpress.com/2020/03/ap_20086808903763.jpg?quality=60&strip=color&w=1024,"March 31, 2020","(CNN) — Early clues — in places like New York, California and Seattle — indicate social distancing may be slowing the rate at which coronavirus cases otherwiseRead More"
"Are food deliveries and groceries safe during coronavirus pandemic? Yes, experts say",https://wsvn.com/news/us-world/are-food-deliveries-and-groceries-safe-during-coronavirus-pandemic-yes-experts-say/,https://sunbeamwsvn.files.wordpress.com/2020/03/food-delivery-pkg_moment-e1585667249232.jpg?quality=60&strip=color,"March 31, 2020",(CNN) — President Donald Trump and governors of various states have suggested Americans should avoid restaurants due to the coronavirus pandemic. Instead we’ve been toldRead More
"Model cited by White House says 82,000 people could die from coronavirus by August, even with social distancing",https://wsvn.com/news/us-world/model-cited-by-white-house-says-82000-people-could-die-from-coronavirus-by-august-even-with-social-distancing/,https://sunbeamwsvn.files.wordpress.com/2020/03/022820-coronavirus-generic.png,"March 31, 2020","(CNN) — President Donald Trump’s decision to extend social distancing guidelines until April 30 came after officials reviewed 12 different statistical models, said Dr. Deborah Birx, theRead More"
Trump defends extending virus guidelines as spread continues,https://wsvn.com/news/us-world/trump-defends-extending-virus-guidelines-as-spread-continues/,https://sunbeamwsvn.files.wordpress.com/2020/03/trump-e1585584017862.jpg?quality=60&strip=color&w=1024,"March 30, 2020","WASHINGTON (AP) — Siding with public health experts’ dire projections, President Donald Trump on Monday defended his decision to extend restrictive social distancing guidelines throughRead More"
Coronavirus response highlights deepening partisan divide,https://wsvn.com/news/us-world/coronavirus-response-highlights-deepening-partisan-divide/,https://sunbeamwsvn.files.wordpress.com/2020/03/022820-coronavirus-generic.png,"March 30, 2020","NEW YORK (AP) — In Los Angeles, Mayor Eric Garcetti has instituted a shutdown on a city of nearly 4 million people and threatened uncooperativeRead More"
"Fauci: US could see millions of coronavirus cases and 100,000 or more deaths",https://wsvn.com/news/us-world/fauci-us-could-see-millions-of-coronavirus-cases-and-100000-or-more-deaths/,https://sunbeamwsvn.files.wordpress.com/2020/03/200329_anthony_fauci-e1585563822148.jpg?quality=60&strip=color,"March 29, 2020","(CNN) — The nation’s top infectious disease expert said Sunday that based on models, the United States could eventually see 100,000 or more deaths from the novelRead More"
Trump adds 30 days to distancing guidelines as virus spreads,https://wsvn.com/news/politics/trump-adds-30-days-to-distancing-guidelines-as-virus-spreads/,https://sunbeamwsvn.files.wordpress.com/2020/02/trump-4-2.jpg?quality=60&strip=color&w=1024,"March 29, 2020","WASHINGTON (AP) — Bracing the nation for a grim death toll, President Donald Trump on Sunday extended the voluntary national shutdown for a month, bowingRead More"
Coronavirus makes it harder for campaigns to ask for money,https://wsvn.com/news/politics/coronavirus-makes-it-harder-for-campaigns-to-ask-for-money/,https://sunbeamwsvn.files.wordpress.com/2020/02/200229_joe_biden_south_carolina.jpg?quality=60&strip=color,"March 29, 2020","WASHINGTON (AP) — White House candidates aren’t usually bashful about asking supporters for money. But as the coronavirus upends everyday life, inundating hospitals, tanking financial markets andRead More"
Specter of 100K-plus virus deaths as Trump seeks reopening,https://wsvn.com/news/us-world/specter-of-100k-plus-virus-deaths-as-trump-seeks-reopening/,https://sunbeamwsvn.files.wordpress.com/2020/03/200308_coronavirus_generic.jpg?quality=60&strip=color,"March 29, 2020","WASHINGTON (AP) — As President Donald Trump looks for ways to restore normalcy in parts of the U.S., his foremost infection disease expert says theRead More"
Trump says he’ll issue ‘strong travel advisory’,https://wsvn.com/news/us-world/trump-says-hell-issue-strong-travel-advisory/,https://sunbeamwsvn.files.wordpress.com/2020/03/200312_trump_speech-e1584539556159.jpg?quality=60&strip=color,"March 28, 2020","WASHINGTON — President Donald Trump says he’s going to issue a “strong travel advisory” for New York, New Jersey and Connecticut in lieu of aRead More"
"Trump: No quarantine, but travel advisory for NY, CT and NJ",https://wsvn.com/news/politics/trump-considering-quarantine-for-ny-nj-and-connecticut/,https://sunbeamwsvn.files.wordpress.com/2020/03/200312_trump_speech-e1584539556159.jpg?quality=60&strip=color,"March 28, 2020","NORFOLK, Va. (AP) — President Donald Trump backed away from calling for a quarantine for coronavirus hotspots in New York, New Jersey and Connecticut, insteadRead More"
"Johns Hopkins: Confirmed coronavirus infections top 100,000 in US, deaths at over 1,500",https://wsvn.com/news/us-world/johns-hopkins-confirmed-coronavirus-infections-top-100000-in-us-deaths-at-over-1500/,https://sunbeamwsvn.files.wordpress.com/2020/02/022820-coronavirus-generic.png?w=1024,"March 27, 2020",NEW ORLEANS (AP) — New Orleans rushed to build a makeshift hospital in its convention center Friday as troubling new outbreaks bubbled in the UnitedRead More
Trump signs $2.2T stimulus after swift congressional votes,https://wsvn.com/news/politics/trump-signs-2-2t-stimulus-after-swift-congressional-votes/,https://sunbeamwsvn.files.wordpress.com/2020/03/untitled-3-e1585342295227.jpg?quality=60&strip=color,"March 27, 2020","WASHINGTON (AP) — President Donald Trump signed an unprecedented $2.2 trillion economic rescue package into law Friday, after swift and near-unanimous action by Congress toRead More"
US has more known cases of coronavirus than any other country,https://wsvn.com/news/us-world/us-has-more-known-cases-of-coronavirus-than-any-other-country/,https://sunbeamwsvn.files.wordpress.com/2020/03/200312_coronavirus_generic-e1584106763426.jpg?quality=60&strip=color,"March 26, 2020","CNN) — The United States now has the highest number of known cases of coronavirus in the world with more than 82,000, according to CNN’sRead More"
Trump say feds developing new guidelines for virus risk,https://wsvn.com/news/us-world/trump-say-feds-developing-new-guidelines-for-virus-risk/,https://sunbeamwsvn.files.wordpress.com/2020/03/200320-trump-corona-update-e1584957398936.png?w=1024,"March 26, 2020","WASHINGTON (AP) — President Donald Trump said Thursday that federal officials are developing guidelines to rate counties by risk of virus spread, as he aimsRead More"
Washington set to deliver $2.2 trillion coronavirus rescue bill,https://wsvn.com/news/politics/washington-set-to-deliver-2-2-trillion-coronavirus-rescue-bill/,https://sunbeamwsvn.files.wordpress.com/2020/01/200128-senate-e1580215492479.png?w=1024,"March 26, 2020","WASHINGTON (AP) — With rare bipartisanship and speed, Washington is about to deliver massive, unprecedented legislation to speed help to individuals and businesses as theRead More"
US orders a 60-day freeze on overseas troop movements due to coronavirus pandemic,https://wsvn.com/news/us-world/us-orders-a-60-day-freeze-on-overseas-troop-movements-due-to-coronavirus-pandemic/,https://sunbeamwsvn.files.wordpress.com/2020/03/hypatia-h_2a6efdfb93cb0853687298ad33bf64e2-h_c88d8758e3f2aced877f70080a204581.jpg?quality=60&strip=color&w=1024,"March 25, 2020",(CNN) — US Defense Secretary Mark Esper has signed an order freezing the movements of all US troops overseas for 60 days due to the coronavirusRead More
Trump hoping to see US economy reopened by Easter amid virus,https://wsvn.com/news/politics/trump-hoping-to-see-us-economy-reopened-by-easter-amid-virus/,https://sunbeamwsvn.files.wordpress.com/2020/03/trump-e1584704413605.png?w=1024,"March 24, 2020",WASHINGTON (AP) — President Donald Trump said Tuesday he is hoping the United States will be reopened by Easter as he weighs how to relaxRead More
"Fearing coronavirus, Arizona man dies after taking a form of chloroquine used to treat aquariums",https://wsvn.com/news/us-world/fearing-coronavirus-arizona-man-dies-after-taking-a-form-of-chloroquine-used-to-treat-aquariums/,https://sunbeamwsvn.files.wordpress.com/2020/03/animal-21668_1280.jpg?quality=60&strip=color&w=1024,"March 24, 2020",(CNN) — A Phoenix-area man is dead and his wife is under critical care after the two took chloroquine phosphate in an apparent attempt to self-medicate forRead More
US deal may be at hand to ease economic pain of coronavirus,https://wsvn.com/news/politics/us-deal-may-be-at-hand-to-ease-economic-pain-of-coronavirus/,https://sunbeamwsvn.files.wordpress.com/2020/03/mitch-mcconnell-e1585052457989.png?w=1024,"March 24, 2020",WASHINGTON (AP) — Congressional and White House officials said Tuesday a deal appears to be at hand to provide sweeping aid to businesses and workersRead More
Florida shifts coronavirus restrictions to travelers from NYC area,https://wsvn.com/news/local/florida-shifts-coronavirus-restrictions-to-travelers-from-nyc-area/,https://sunbeamwsvn.files.wordpress.com/2017/11/another_airplane.jpg?quality=60&strip=color,"March 23, 2020","FORT LAUDERDALE, Fla. (AP) — Florida Gov. Ron DeSantis has refused to follow the lead of other states issuing broad shutdowns to control the spreadRead More"
"US surgeon general warns ‘this week, it’s going to get bad’ as hospitals struggle to keep up with new coronavirus cases",https://wsvn.com/news/us-world/us-surgeon-general-warns-this-week-its-going-to-get-bad-as-hospitals-struggle-to-keep-up-with-new-coronavirus-cases/,https://sunbeamwsvn.files.wordpress.com/2020/03/ap_20079583476646.jpg?quality=60&strip=color&w=1024,"March 23, 2020","(CNN) — The war against coronavirus has intensified across the country as more workers are laid off, medical supplies dwindle, and states enact new rulesRead More"
"Trump outlines national guard activations for New York, California and Washington",https://wsvn.com/news/politics/trump-outlines-national-guard-activations-for-new-york-california-and-washington/,https://sunbeamwsvn.files.wordpress.com/2020/03/200320-trump-corona-update-e1584957398936.png?w=1024,"March 22, 2020",(CNN) — President Donald Trump said Sunday that the federal government has activated US National Guard units for three of the states hardest hit by the novel coronavirus —Read More
N Korea says Trump’s letter offers anti-virus cooperation,https://wsvn.com/news/us-world/n-korea-says-trumps-letter-offers-anti-virus-cooperation/,https://sunbeamwsvn.files.wordpress.com/2019/02/190227_trump_kim_summit.jpg?quality=60&strip=color,"March 22, 2020","SEOUL, South Korea (AP) — President Donald Trump sent a personal letter to North Korean leader Kim Jong Un, seeking to maintain good relations andRead More"
Pence says he and wife will be tested for coronavirus,https://wsvn.com/news/politics/pence-says-he-and-wife-will-be-tested-for-coronavirus/,https://sunbeamwsvn.files.wordpress.com/2018/08/180809_mike_pence.jpg?quality=60&strip=color,"March 21, 2020",(CNN) — Vice President Mike Pence said Saturday during a news conference Saturday that he and his wife Karen would be tested for the coronavirus.Read More
"In a week, New York City became the epicenter of the US coronavirus outbreak",https://wsvn.com/news/us-world/in-a-week-new-york-city-became-the-epicenter-of-the-us-coronavirus-outbreak/,https://sunbeamwsvn.files.wordpress.com/2020/03/hypatia-h_b8c7b17146f62f61612ad928cbdeec39-h_c6c7aad5ec1b69f9feb1f7527512f0e9.jpg?quality=60&strip=color&w=1024,"March 21, 2020","(CNN) — The city that never sleeps is faced with a “brand new reality,” Mayor Bill de Blasio said. A dark Broadway. Empty streets. ShutteredRead More"
Google launches educational coronavirus website,https://wsvn.com/news/us-world/google-launches-educational-coronavirus-website/,https://sunbeamwsvn.files.wordpress.com/2019/11/s117499435.jpg?quality=60&strip=color&w=1024,"March 21, 2020",(CNN) — Google launched an educational coronavirus website on Saturday that contains safety tips and authoritative information about the pandemic. The move comes a weekRead More
"Congress toils on $1 trillion rescue, Trump unleashes fury",https://wsvn.com/news/politics/congress-toils-on-1-trillion-rescue-trump-unleashes-fury/,https://sunbeamwsvn.files.wordpress.com/2020/03/200320-trump-corona-update-e1584957398936.png?w=1024,"March 20, 2020","WASHINGTON (AP) — As leaders from Congress and the White House toiled in high-stakes negotiations on a mammoth $1 trillion-plus economic rescue package Friday, PresidentRead More"
US and Mexico to curb border travel to control coronavirus,https://wsvn.com/news/us-world/us-and-mexico-to-curb-border-travel-to-control-coronavirus/,https://sunbeamwsvn.files.wordpress.com/2020/03/200312_coronavirus_generic-e1584106763426.jpg?quality=60&strip=color,"March 20, 2020",SAN DIEGO (AP) — Mexico and the U.S. announced Friday that travel would be sharply restricted along their shared border as part of efforts toRead More
Cuomo emerges as Democratic counter to Trump virus response,https://wsvn.com/news/politics/cuomo-emerges-as-democratic-counter-to-trump-virus-response/,https://sunbeamwsvn.files.wordpress.com/2020/03/032020-gov-andrew-cuomo-e1584705245374.png?w=1024,"March 20, 2020","NEW YORK (AP) — Before President Donald Trump stepped into the White House briefing room to provide an update on the coronavirus, an opening act wasRead More"
Trump urges states to do more as hospitals sound alarms,https://wsvn.com/news/us-world/trump-urges-states-to-do-more-as-hospitals-sound-alarms/,https://sunbeamwsvn.files.wordpress.com/2020/03/trump-e1584704413605.png?w=1024,"March 20, 2020","WASHINGTON (AP) — Insisting the federal government is not a “shipping clerk,” President Donald Trump on Thursday called on states to do more to secureRead More"
2020 campaigns go digital amid fears of coronavirus spread,https://wsvn.com/news/politics/2020-campaigns-go-digital-amid-fears-of-coronavirus-spread/,https://sunbeamwsvn.files.wordpress.com/2020/03/031220-joe-biden-bernie-sanders-e1584106873894.png?w=1024,"March 20, 2020","WASHINGTON (AP) — No more rallies. No more door-knocking. And no more in-person fundraisers, raking in dollars from dozens of millionaires at once. The coronavirusRead More"
"Local event, wedding planners worried about revenue loss amid coronavirus pandemic",https://wsvn.com/news/local/miami-dade/local-event-wedding-planners-worried-about-revenue-loss-amid-coronavirus-pandemic/,https://sunbeamwsvn.files.wordpress.com/2020/03/200319_special_event_miami-e1584712803637.jpg?quality=60&strip=color,"March 19, 2020","When it comes party, wedding and event planning, the party is over, at least for now, and that has left South Floridians who work inRead More"
Pressure grows on Trump as hospitals sound virus alarms,https://wsvn.com/news/politics/pressure-grows-on-trump-as-hospitals-sound-virus-alarms/,https://sunbeamwsvn.files.wordpress.com/2020/03/031920-trump-e1584697855313.png?w=1024,"March 19, 2020","WASHINGTON (AP) — Insisting the federal government is not a “shipping clerk,” President Donald Trump on Thursday called on states to do more to secureRead More"
"South Florida families stranded in Peru, Ecuador due to coronavirus travel restrictions",https://wsvn.com/news/local/miami-dade/south-florida-families-stranded-in-peru-ecuador-due-to-coronavirus-travel-restrictions/,https://sunbeamwsvn.files.wordpress.com/2020/03/031920-coronavirus_americans-stranded-in-peru-e1584697928500.png?w=1024,"March 19, 2020","South Florida families stuck around the world want nothing more than to be able to fly back home, but many of them have no clueRead More"
"Trump invokes emergency authority, no new cases in Wuhan",https://wsvn.com/news/politics/trump-invokes-emergency-authority-no-new-cases-in-wuhan/,https://sunbeamwsvn.files.wordpress.com/2020/03/china-e1584642132225.png?w=1024,"March 19, 2020","MINNEAPOLIS (AP) — President Donald Trump invoked emergency authority to marshal industry to fight the coronavirus, as the economic fallout from the pandemic mounted WednesdayRead More"
Trump weighs controls on companies that take virus bailouts,https://wsvn.com/news/politics/trump-weighs-controls-on-companies-that-take-virus-bailouts/,https://sunbeamwsvn.files.wordpress.com/2020/03/200317-trump.png,"March 19, 2020",WASHINGTON (AP) — President Donald Trump said Thursday the government should take an equity stake in some companies that need bailouts because of the devastatingRead More
Coronavirus layoffs spark surge in state jobless claims,https://wsvn.com/news/us-world/coronavirus-layoffs-spark-surge-in-state-jobless-claims/,https://sunbeamwsvn.files.wordpress.com/2020/03/coronavirus_generic_.jpg?quality=60&strip=color,"March 19, 2020","JEFFERSON CITY, Mo. (AP) — In Ohio, more than 48,000 people applied for jobless benefits during the first two days of this week. The tallyRead More"
Rosie O’Donnell is bringing back her talk show to raise money for the arts amid coronavirus pandemic,https://wsvn.com/entertainment/rosie-odonnell-is-bringing-back-her-talk-show-to-raise-money-for-the-arts-amid-coronavirus-pandemic/,https://sunbeamwsvn.files.wordpress.com/2017/02/170207_rosie_o_donnell.jpg?quality=60&strip=color,"March 19, 2020","(CNN) — Rosie O’Donnell is back. The host of “The Rosie O’Donnell Show,” which aired from 1996 to 2002, is bringing her talk show back forRead More"
Navy hospital ship to head to New York to help handle coronavirus outbreak,https://wsvn.com/news/us-world/navy-hospital-ship-to-head-to-new-york-to-help-handle-coronavirus-outbreak/,https://sunbeamwsvn.files.wordpress.com/2020/03/hypatia-h_447410deca849ddd8b8edfff338037d6-h_a334e993130d7cb93bdb37831008ddc2.jpg?quality=60&strip=color&w=1024,"March 18, 2020",(CNN) — New York City Mayor Bill de Blasio asked the military for logistical help and a Navy hospital ship is prepping to head toRead More
Trump invokes emergency authority; Big 3 automakers closing,https://wsvn.com/news/us-world/trump-invokes-emergency-authority-big-3-automakers-closing/,https://sunbeamwsvn.files.wordpress.com/2017/04/170420_general_motors.jpg?quality=60&strip=color,"March 18, 2020",MINNEAPOLIS (AP) — President Donald Trump on Wednesday moved to invoke a federal law that allows the government to marshal the private sector to dealRead More
Trump taps powers to boost virus response; Senate OKs bill,https://wsvn.com/news/us-world/trump-taps-powers-to-boost-virus-response-senate-oks-bill/,https://sunbeamwsvn.files.wordpress.com/2020/02/200226_trump_coronavirus.jpg?quality=60&strip=color,"March 18, 2020","WASHINGTON (AP) — Confronting twin health and economic crises, President Donald Trump announced Wednesday he will invoke emergency powers to marshal critical medical supplies againstRead More"
Trump’s economic rescue package could approach $1 trillion,https://wsvn.com/news/politics/trumps-economic-rescue-package-could-approach-1-trillion/,https://sunbeamwsvn.files.wordpress.com/2020/03/cnn-3-16-white-house-cv-task-force-briefing_1_moment.jpg?quality=60&strip=color&w=1024,"March 18, 2020","WASHINGTON (AP) — In a massive federal effort, President Donald Trump asked Congress to speed emergency checks to Americans, enlisted the military for MASH-like hospitalsRead More"
Coronavirus now in all 50 states as death toll reaches 100,https://wsvn.com/news/us-world/coronavirus-now-in-all-50-states-as-death-toll-reaches-100/,https://sunbeamwsvn.files.wordpress.com/2020/03/200312_coronavirus_generic-e1584106763426.jpg?quality=60&strip=color,"March 17, 2020",(CNN) — West Virginia became the 50th state to report a case of the deadly novel coronavirus when Gov. Jim Justice announced the first positiveRead More
Coronavirus pandemic transforms South Florida from metropolis to ghost town,https://wsvn.com/news/local/coronavirus-pandemic-transforms-south-florida-from-metropolis-to-ghost-town/,https://sunbeamwsvn.files.wordpress.com/2020/03/031720-empty-boardwalk.png?w=1024,"March 17, 2020",The new social restrictions put in place throughout South Florida has turned the region from a bustling metropolis into a ghost town. 7News went toRead More
Coronavirus complicates primary process as 3 states vote,https://wsvn.com/news/politics/coronavirus-complicates-primary-process-as-3-states-vote/,https://sunbeamwsvn.files.wordpress.com/2020/03/200317_primary_map.jpg?quality=60&strip=color,"March 17, 2020",WASHINGTON (AP) — The new coronavirus kept some voters and poll workers at home and hampered efforts to open some polling sites on Tuesday asRead More
Stocks add to gains as Trump unveils new virus measures,https://wsvn.com/news/us-world/stocks-add-to-gains-as-trump-unveils-new-virus-measures/,https://sunbeamwsvn.files.wordpress.com/2020/03/031720-stocks-wall-street.png?w=1024,"March 17, 2020",NEW YORK (AP) — Stocks are adding sharply to their gains on Wall Street after President Donald Trump and his team announced more measures toRead More
"Trump pushes for massive aid from Congress, checks to public",https://wsvn.com/news/politics/trump-pushes-for-massive-aid-from-congress-checks-to-public/,https://sunbeamwsvn.files.wordpress.com/2020/03/cnn-3-17-white-house-cv-task-force-update-newser_1_moment.jpg?quality=60&strip=color&w=1024,"March 17, 2020","WASHINGTON (AP) — In a massive federal effort Tuesday, President Donald Trump asked Congress to speed emergency checks to Americans, enlisted the military for MASH-likeRead More"
South Floridians face empty store shelves as they prepare for coronavirus spread,https://wsvn.com/news/local/south-floridians-face-empty-store-shelves-as-they-prepare-for-coronavirus-spread/,https://sunbeamwsvn.files.wordpress.com/2020/03/200314_empty_store_shelves-e1584445833767.jpg?quality=60&strip=color,"March 17, 2020",Shelves have been left empty across South Florida as customers race to stock up on essential items in the event that they have to self-quarantine.Read More
Coronavirus Q&A #2,https://wsvn.com/news/help-me-howard/coronavirus-qa-2/,https://sunbeamwsvn.files.wordpress.com/2020/03/200316_hmh_coronavirus.jpg?quality=60&strip=color,"March 16, 2020",Can you stop paying your mortgage? What about your rent? Can someone go to jail for knowingly infecting people with the coronavirus? Your questions areRead More
"Romney proposes giving $1,000 to every American adult as coronavirus response measure",https://wsvn.com/news/politics/romney-proposes-giving-1000-to-every-american-adult-as-coronavirus-response-measure/,https://sunbeamwsvn.files.wordpress.com/2020/03/hypatia-h_5f67896140607b52a9e9dc61b5ec4292-h_c77809a29e1f2b29f1c516fd68ba4934.jpg?quality=60&strip=color&w=1024,"March 16, 2020","(CNN) — Republican Sen. Mitt Romney of Utah on Monday outlined a list of proposals to address the coronavirus outbreak, including giving all American adults $1,000Read More"
Americans face new shutdowns as coronavirus keeps spreading. But some say the bans aren’t enough,https://wsvn.com/news/us-world/americans-face-new-shutdowns-as-coronavirus-keeps-spreading-but-some-say-the-bans-arent-enough/,https://sunbeamwsvn.files.wordpress.com/2020/03/hypatia-h_ae9d41c6166052ded611de4015a76f48-h_3134870eb5dcb8c0ec67511449b8966f.jpg?quality=60&strip=color&w=1024,"March 16, 2020",(CNN) — The race to control coronavirus in the US has taken a drastic turn as the CDC urged all gatherings of 50 or moreRead More
Chinese billionaire Jack Ma says he will donate 1M face masks and 500K coronavirus testing kits to the US,https://wsvn.com/news/us-world/chinese-billionaire-jack-ma-says-he-will-donate-1m-face-masks-and-500k-coronavirus-testing-kits-to-the-us/,https://sunbeamwsvn.files.wordpress.com/2020/03/hypatia-h_5fcd005d20f29a9ad67521f6e18bded9-h_6c9eb96b00048e5428ae3ff8b909e9d8.jpg?quality=60&strip=color&w=1024,"March 16, 2020","(CNN) — Chinese billionaire and Alibaba co-founder Jack Ma said he will donate 500,000 coronavirus testing kits and one million face masks to the UnitedRead More"
More than half of American jobs are at risk because of coronavirus,https://wsvn.com/news/us-world/more-than-half-of-american-jobs-are-at-risk-because-of-coronavirus/,https://sunbeamwsvn.files.wordpress.com/2019/07/russia-95311_1920.jpg?quality=60&strip=color&w=1024,"March 16, 2020","(CNN) — A week ago, Darrin Dixon wasn’t all that concerned about the coronavirus. Now he’s losing sleep over the prospect that the virus couldRead More"
"Nike, Urban Outfitters and other retailers shuttering stores temporarily because of coronavirus",https://wsvn.com/news/us-world/nike-urban-outfitters-and-other-retailers-shuttering-stores-temporarily-because-of-coronavirus/,https://sunbeamwsvn.files.wordpress.com/2020/03/200316-nike-e1584361551888.png?w=1024,"March 16, 2020","(CNN) — A growing number of retailers have announced they are temporarily closing stores in an effort to prevent the spread of coronavirus. Nike, UrbanRead More"
Local worshippers observe ‘National Day of Prayer’ amid coronavirus pandemic,https://wsvn.com/news/local/miami-dade/local-worshippers-observe-national-day-of-prayer-amid-coronavirus-pandemic/,https://sunbeamwsvn.files.wordpress.com/2020/03/200315_church_parishioners.jpg?quality=60&strip=color,"March 16, 2020","The coronavirus pandemic did not stop churchgoers in South Florida from attending Sunday services, and local houses of worship did their part to keep themRead More"
MIA travelers react to expansion of travel ban amid coronavirus pandemic,https://wsvn.com/news/local/miami-dade/mia-travelers-react-to-expansion-of-travel-ban-amid-coronavirus-pandemic/,https://sunbeamwsvn.files.wordpress.com/2020/03/200315_mia_passengers_generic.jpg?quality=60&strip=color,"March 15, 2020",Passengers at Miami International Airport weighed in on the latest expansion of the travel ban into the United States due to the coronavirus pandemic. StartingRead More
US moves nearer to shutdown amid coronavirus fears,https://wsvn.com/news/us-world/us-moves-nearer-to-shutdown-amid-coronavirus-fears/,https://sunbeamwsvn.files.wordpress.com/2020/03/200315_airport_overflow_baggage_claim.jpg?quality=60&strip=color,"March 15, 2020","CHICAGO (AP) — Officials across the country curtailed many elements of American life to fight the coronavirus outbreak on Sunday, with health officials recommending thatRead More"
"There are now more than 3,000 cases of coronavirus in the US",https://wsvn.com/news/us-world/there-are-now-more-than-3000-cases-of-coronavirus-in-the-us/,https://sunbeamwsvn.files.wordpress.com/2020/03/200308_coronavirus_generic.jpg?quality=60&strip=color,"March 15, 2020","CNN) — The number of coronavirus cases in the US passed 3,000 on Sunday, as a top US health official warned that America hasn’t hitRead More"
American Airlines cutting international flights by 75% due to coronavirus,https://wsvn.com/news/us-world/american-airlines-cutting-international-flights-by-75-due-to-coronavirus/,https://sunbeamwsvn.files.wordpress.com/2019/09/090519-american-airlines-plane.jpg?quality=60&strip=color&w=1024,"March 15, 2020","American Airlines announced Saturday night that they will cutting international flights from the United States by 75% through May 6. The cuts, which will beginRead More"
Fake coronavirus testing kits seized at Los Angeles airport,https://wsvn.com/news/us-world/fake-coronavirus-testing-kits-seized-at-los-angeles-airport/,https://sunbeamwsvn.files.wordpress.com/2020/02/200229_coronavirus_blood_sample.jpg?quality=60&strip=color,"March 14, 2020",LOS ANGELES (AP) — Federal authorities warned consumers Saturday about fake home-testing kits for the coronavirus after customs agents intercepted a package at Los AngelesRead More
White House steps up safeguards as Trump awaits test results,https://wsvn.com/news/politics/white-house-steps-up-safeguards-as-trump-awaits-test-results/,https://sunbeamwsvn.files.wordpress.com/2020/03/trump-talks.png,"March 14, 2020","WASHINGTON (AP) — After days of resistance, President Donald Trump said Saturday that he was tested for the coronavirus and is awaiting his results as theRead More"
"US travel ban extends to UK, Ireland; Trump eyes US limits",https://wsvn.com/news/us-world/ap-source-us-to-broaden-travel-ban-adding-uk-ireland/,https://sunbeamwsvn.files.wordpress.com/2020/02/hypatia-h_b55104302806c5dc0e322dd64fabd2a8-h_a20b9dd4631deb5d77bfb312c590c1ea.jpg?quality=60&strip=color&w=1024,"March 14, 2020",WASHINGTON (AP) — President Donald Trump announced Saturday that the United States will expand its European travel restrictions to include Britain and Ireland as theRead More
2nd person with Trump at Mar-a-Lago tests positive for virus,https://wsvn.com/news/local/florida/2nd-person-with-trump-at-mar-a-lago-tests-positive-for-virus/,https://sunbeamwsvn.files.wordpress.com/2020/03/trump-talks.png,"March 13, 2020",WASHINGTON (AP) — A second person who was at Mar-a-Lago with President Donald Trump last weekend has tested positive for coronavirus. That’s according to aRead More
Trump says top cruise ship companies stopping trips from US,https://wsvn.com/news/us-world/trump-says-top-cruise-ship-companies-stopping-trips-from-us/,https://sunbeamwsvn.files.wordpress.com/2018/12/181226_royal_caribbean_harmony_of_the_seas.jpg?quality=60&strip=color,"March 13, 2020",WASHINGTON (AP) — President Donald Trump tweeted on Friday that four major cruise ship companies have agreed to suspend trips from the U.S. for 30Read More
Trump declares virus emergency; Pelosi announces aid deal,https://wsvn.com/news/politics/trump-declares-virus-emergency-pelosi-announces-aid-deal/,https://sunbeamwsvn.files.wordpress.com/2020/03/trump-talks.png,"March 13, 2020",WASHINGTON (AP) — President Donald Trump on Friday declared the coronavirus pandemic a national emergency in order to free up more money and resources. ButRead More
Brave new world: Wartime tactics against coronavirus foe,https://wsvn.com/news/us-world/brave-new-world-wartime-tactics-against-coronavirus-foe/,https://sunbeamwsvn.files.wordpress.com/2020/02/022620-coronavirus_italy.jpg?quality=60&strip=color,"March 13, 2020","RIO DE JANEIRO (AP) — Brazil’s President Jair Bolsonaro has tested negative for the new coronavirus, according to a post Friday on his official FacebookRead More"
Miami Mayor Francis Suarez tests positive for coronavirus,https://wsvn.com/news/local/miami-mayor-francis-suarez-tests-positive-for-coronavirus/,https://sunbeamwsvn.files.wordpress.com/2020/03/200203-francis-suarez.png?w=1024,"March 13, 2020",City of Miami Mayor Francis Suarez has tested positive for the coronavirus. Suarez’s office confirmed his test results to 7News on Friday morning. Suarez postedRead More
Brazil’s President Bolsonaro tests negative for coronavirus,https://wsvn.com/news/politics/brazils-president-bolsonaro-tests-negative-for-coronavirus/,https://sunbeamwsvn.files.wordpress.com/2020/03/200313-leaders-together.jpg?quality=60&strip=color&w=1024,"March 13, 2020","RIO DE JANEIRO (AP) — Brazil’s President Jair Bolsonaro has tested negative for the new coronavirus, according to a post Friday on his official FacebookRead More"
Canada: Trudeau’s wife test positive for new coronavirus,https://wsvn.com/news/politics/canada-trudeaus-wife-test-positive-for-new-coronavirus/,https://sunbeamwsvn.files.wordpress.com/2018/06/180610_justin_trudeau.jpg?quality=60&strip=color&w=1024,"March 12, 2020",TORONTO (AP) — Canadian Prime Minister Justin Trudeau’s wife has tested positive for the new coronavirus. Trudeau’s office said Thursday night that Sophie Gregoire TrudeauRead More
"Flu and coronavirus: Similar symptoms, different fears",https://wsvn.com/news/us-world/flu-and-coronavirus-similar-symptoms-different-fears/,https://sunbeamwsvn.files.wordpress.com/2020/03/200312_coronavirus_generic-e1584106763426.jpg?quality=60&strip=color,"March 12, 2020","(AP) — Is it the flu, a cold or the new coronavirus? Patients and doctors alike are parsing signs of illness to figure out whoRead More"
MIA travelers react to Europe travel restrictions amid coronavirus concerns,https://wsvn.com/news/local/miami-dade/mia-travelers-react-to-europe-travel-restrictions-amid-coronavirus-concerns/,https://sunbeamwsvn.files.wordpress.com/2020/03/200312_mia_masked_passenger.jpg?quality=60&strip=color,"March 12, 2020","The travel ban from Europe begins in hours. Vice President Pence said in a news conference, “Not only are we bringing a whole of governmentRead More"
"Local leaders, police motorcyclists self-quarantine after exposure to coronavirus",https://wsvn.com/news/politics/local-leaders-police-motorcyclists-self-quarantine-after-exposure-to-coronavirus/,https://sunbeamwsvn.files.wordpress.com/2020/03/200312_francis_suarez_statement.jpg?quality=60&strip=color,"March 12, 2020","City of Miami Mayor Francis Suarez, Miami-Dade County Mayor Carlos Gimenez and U.S. Sen. Rick Scott have self-quarantined after coming in contact with a BrazilianRead More"
Brazilian who met Trump has virus; no plans to test Trump,https://wsvn.com/news/politics/brazilian-who-met-trump-has-virus-no-plans-to-test-trump/,https://sunbeamwsvn.files.wordpress.com/2020/03/bhdn_po-82th_brazilian-rep-who-met-trump-saturday-has-covid_cnna-st1-1000000005b0c751_174_0_moment.jpg?quality=60&strip=color&w=1024,"March 12, 2020","WASHINGTON (AP) — A senior Brazilian official who attended weekend events with President Donald Trump in Florida has tested positive for the coronavirus, marking theRead More"
Trump clamps limits on travel from Europe to US for 30 days,https://wsvn.com/news/us-world/trump-clamps-limits-on-travel-from-europe-to-us-for-30-days/,https://sunbeamwsvn.files.wordpress.com/2020/03/200312_trump_speech-e1584539556159.jpg?quality=60&strip=color,"March 11, 2020","WASHINGTON (AP) — Taking dramatic action, President Donald Trump announced he is sharply restricting passenger travel from 26 European nations to the U.S. and movingRead More"
"Sanders, Biden cancel Ohio rallies over coronavirus concerns",https://wsvn.com/news/politics/sanders-biden-cancel-ohio-rallies-over-coronavirus-concerns/,https://sunbeamwsvn.files.wordpress.com/2020/03/biden-and-bernie.jpg?quality=60&strip=color&w=1024,"March 10, 2020",WASHINGTON (AP) — Democratic presidential candidates Bernie Sanders and Joe Biden abruptly cancelled election-night rallies Tuesday night in Cleveland amid concerns over the spread ofRead More
Trump pitches payroll tax relief to wary lawmakers,https://wsvn.com/news/politics/trump-pitches-payroll-tax-relief-to-wary-lawmakers/,https://sunbeamwsvn.files.wordpress.com/2020/02/200221-trump-e1582288200122.png?w=1024,"March 10, 2020",WASHINGTON (AP) — President Donald Trump pitched his proposed payroll tax break Tuesday on Capitol Hill as pressure mounts on the administration and Congress toRead More
Trump confidants in quarantine as US grapples with virus,https://wsvn.com/news/politics/trump-confidants-in-quarantine-as-us-grapples-with-virus/,https://sunbeamwsvn.files.wordpress.com/2020/02/200212_trump.jpg?quality=60&strip=color,"March 9, 2020",WASHINGTON (AP) — A public health and economic maelstrom brought on by the coronavirus swirled around President Donald Trump and drew closer to him personallyRead More
5 congressmen — including Trump’s future chief of staff and lawmaker who shook President’s hand — to self-quarantine after CPAC,https://wsvn.com/news/politics/4-members-of-congress-including-lawmaker-who-shook-trumps-hand-to-self-quarantine-after-cpac/,https://sunbeamwsvn.files.wordpress.com/2020/03/200309_five_congressmen_self_quarantined.jpg?quality=60&strip=color,"March 9, 2020","(CNN) — Three more members of Congress, including President Donald Trump’s future chief of staff, have announced that they would self-quarantine after coming into contactRead More"
Trump grapples with public health and economic maelstrom,https://wsvn.com/news/politics/trump-grapples-with-public-health-and-economic-maelstrom/,https://sunbeamwsvn.files.wordpress.com/2020/02/200226_trump_coronavirus.jpg?quality=60&strip=color,"March 9, 2020","WASHINGTON (AP) — As fears about the coronavirus outbreak roiled financial markets, the nation’s political leaders grappled Monday with a public health and economic maelstrom — asRead More"
Stocks plummet amid coronavirus fears and oil-price crash,https://wsvn.com/news/us-world/stocks-plummet-amid-coronavirus-fears-and-oil-price-crash/,https://sunbeamwsvn.files.wordpress.com/2020/03/030920-coronavirus_dow-plunge.jpg?quality=60&strip=color,"March 9, 2020",NEW YORK (AP) — Stocks took their worst one-day beating on Wall Street since the global financial crisis of 2008 as a collapse in oilRead More
Officials confirm first coronavirus case in nation’s capital,https://wsvn.com/uncategorized/officials-confirm-first-coronavirus-case-in-nations-capital/,https://sunbeamwsvn.files.wordpress.com/2020/03/coronavirus_generic_.jpg?quality=60&strip=color,"March 8, 2020",WASHINGTON (AP) — A man in his 50s tested positive for coronavirus — the first presumptively confirmed case in the nation’s capital — and anotherRead More
CPAC attendee tested positive for coronavirus,https://wsvn.com/news/politics/cpac-attendee-tested-positive-for-coronavirus/,https://sunbeamwsvn.files.wordpress.com/2020/03/200203-coronavirus.png?w=1024,"March 8, 2020","(CNN) — The American Conservative Union announced on Saturday that one of the attendees at last week’s Conservative Political Action Conference in National Harbor, Maryland, has tested positive for coronavirus.Read More"
Trump’s CDC visit turns into scattershot defense on virus,https://wsvn.com/news/politics/trumps-cdc-visit-turns-into-scattershot-defense-on-virus/,https://sunbeamwsvn.files.wordpress.com/2020/03/200306_trump_cdc.jpg?quality=60&strip=color,"March 6, 2020",ATLANTA (AP) — President Donald Trump’s visit to the Centers for Disease Control and Prevention on Friday turned into a scattershot defense of his administration’sRead More
"As coronavirus spreads, Medicare gets telemedicine option",https://wsvn.com/news/politics/as-coronavirus-spreads-medicare-gets-telemedicine-option/,https://sunbeamwsvn.files.wordpress.com/2020/02/200226_trump_coronavirus.jpg?quality=60&strip=color,"March 6, 2020","WASHINGTON (AP) — The coronavirus legislation signed by President Donald Trump on Friday would let Medicare expand the use of telemedicine in outbreak areas, potentially reducingRead More"
Florida has 2 confirmed cases of new coronavirus,https://wsvn.com/news/politics/florida-has-2-confirmed-cases-of-new-coronavirus/,https://sunbeamwsvn.files.wordpress.com/2020/03/200203-coronavirus.png?w=1024,"March 2, 2020",MIAMI (AP) — The Trump administration on Monday reassured governors that they will be reimbursed for at least some of the costs of responding toRead More
Cruise ship denied entry at 2 ports amid coronavirus concerns returns to PortMiami,https://wsvn.com/news/local/miami-dade/cruise-ship-denied-entry-at-2-ports-amid-coronavirus-concerns-returns-to-portmiami/,https://sunbeamwsvn.files.wordpress.com/2020/03/200301_msc_cruise_ship_portmiami.jpg?quality=60&strip=color,"March 1, 2020","A cruise ship where a crew member fell ill with what turned out to be the flu has returned to PortMiami, days after it wasRead More"
"First case of novel coronavirus confirmed in New York, governor says",https://wsvn.com/news/us-world/first-case-of-novel-coronavirus-confirmed-in-new-york-governor-says/,https://sunbeamwsvn.files.wordpress.com/2020/02/200229_coronavirus_blood_sample.jpg?quality=60&strip=color,"March 1, 2020","(CNN) — The first novel coronavirus case was reported in New York Sunday, according to state Gov. Andrew Cuomo. The patient is a woman inRead More"
"First coronavirus death in US may be one of growing number of cases from unknown source, official says",https://wsvn.com/news/us-world/first-coronavirus-death-in-us-may-be-one-of-growing-number-of-cases-from-unknown-source-official-says/,https://sunbeamwsvn.files.wordpress.com/2020/02/coronavirus_generic.jpg?quality=60&strip=color,"March 1, 2020",(CNN) — The United States reacted Sunday to the first reported US death from coronavirus with tighter travel restrictions and predictions of more infections andRead More
"Trump, on 1st death from virus in US: ‘No reason to panic”",https://wsvn.com/news/politics/trump-on-1st-death-from-virus-in-us-no-reason-to-panic/,https://sunbeamwsvn.files.wordpress.com/2020/02/trump-4-2.jpg?quality=60&strip=color&w=1024,"March 1, 2020","WASHINGTON (AP) — Seeking to reassure the American public, President Donald Trump said there was “no reason to panic” as the new coronavirus claimed itsRead More"
Passengers at MIA react to travel restrictions amid coronavirus crisis,https://wsvn.com/news/local/miami-dade/passengers-at-mia-react-to-travel-restrictions-amid-coronavirus-crisis/,https://sunbeamwsvn.files.wordpress.com/2020/02/200229_masked_travelers_mia.jpg?quality=60&strip=color,"February 29, 2020","International travelers at Miami International Airport weighed in on the coronavirus crisis as new cases at home and abroad continued to increase, and President DonaldRead More"
Health care braces for shortages of supplies due to coronavirus,https://wsvn.com/news/us-world/health-care-braces-for-shortages-of-supplies-due-to-coronavirus/,https://sunbeamwsvn.files.wordpress.com/2020/02/hypatia-h_755cf6ebadd02b6f17bea075c1b92607-h_7eaea384ff4491e28b1dcd564fdb7919.jpg?quality=60&strip=color&w=1024,"February 29, 2020",(CNN) — The U.S. Food and Drug Administration has contacted dozens of medical device manufacturers whose facilities in China may be at risk of creatingRead More
US ups travel restrictions as Trump says more cases ‘likely’,https://wsvn.com/news/politics/us-ups-travel-restrictions-as-trump-says-more-cases-likely/,https://sunbeamwsvn.files.wordpress.com/2020/02/200226_trump_coronavirus.jpg?quality=60&strip=color,"February 29, 2020","WASHINGTON (AP) — Seeking to reassure the American public, President Donald Trump said Saturday there was “no reason to panic” as the new coronavirus claimedRead More"
